# The reference corpus, over runs: how densely working Java writes each run of words some
# publisher states as one entry, pooled over the repositories a seeded draw took. It is a
# denominator and nothing else. No row states a subject, nothing here is scored, and a run
# absent from it has a share of zero.
#
# Columns: run, occurrences, share, error.
#   run          the words as the identifier splitter produced them from a name a repository
#                declared, joined by the character the resources key a collocation with.
#   occurrences  how many times the pooled repositories declared it, summed over all of them
#                and independent of the weighting below.
#   share        what a reading is read against. It sums to one over this table.
#   error        the standard error of that share under this table's own weighting - for the
#                mean of shares, the between-repository standard error of the mean; for
#                pooled occurrences, the binomial standard error of the proportion. A verdict
#                whose margin sits inside it has not been shown to stand above chance.
#
# WHAT WAS READ. Every tree was read by the path this library reads itself with: the Java
# source sets, the documentation and the build modules beside them, parsed, split by
# IdentifierWords, and taken at the stage that keeps the names a repository declared and
# leaves out the sentences it wrote about them. Both sides of a comparison are therefore made
# the same way, which is the only thing that makes a share here comparable to a share there.
#
# WHICH RUNS COULD BE COUNTED. Two adjacent words are merged into one run only where a
# publisher states that run, so the index decides what this table can see. This table is
# pooled under EveryPublishedRun - the two topical dictionaries' collocations and the seven
# bundled term vocabularies' multi-word concept labels together - because it is asked how
# often working Java writes a vocabulary's own terms, and a run no index states would read as
# absent from the corpus whatever the corpus writes. The word table is pooled under the
# dictionaries alone, which is the index a reading runs on. This one is read only where a
# published term is judged against general Java, and by nothing in the word arm.
#
# Each repository's shares are taken over its runs alone, so this table is a distribution
# over runs and a run's rank in it is a rank among runs.
#
# HOW IT IS WEIGHTED: MEAN_OF_SHARES — every repository weighs the same whatever its size, which is the population the frame drew from: the sample is uniform over repositories rather than over bytes.
#   One read writes a table per weighting — reference-corpus-run-pooled-occurrences.tsv, reference-corpus-run-mean-of-shares.tsv — so they differ in
#   this line and in the share column alone.
#
# Source: reference-corpus-published.tsv, copied below, which states the frame, the predicate and
#   the seed. Every repository was cloned at the commit it pins.
# Licence: these counts are this project's measurement of publicly available source. Every
#   repository pooled states a licence GitHub recognises, named beside it below.
#
# Generated by CorpusRunPoolCommand.
# Repositories pooled: 100. Runs: 1200. Occurrences: 17797.
#
# The published reference corpus: a THIRD sample, of Java repositories that state a licence, are still being
# worked on, and publish an artefact. Drawn to compare against reference-corpus.tsv and
# reference-corpus-starred.tsv, never to replace either.
#
# WHY A THIRD SAMPLE. The first two are drawn and neither denominator resembles what this reading is measured
# on. Uniform over GitHub's Java gives coursework: ten of ten with zero stars and no licence. A fifty-star
# floor gives Android: five of ten, plus two pieces of teaching material. The nine evaluation-set members are
# none of those things — they are licensed libraries and servers that publish artefacts and are still
# maintained. A denominator is meant to say what the code being read is written in, so the third frame states
# those three properties directly instead of hoping a popularity proxy reaches them.
#
# THE FRAME AND THE PREDICATE, both fixed before a single rank was drawn.
#
#   FRAME, queried of GitHub:
#     language:Java fork:false mirror:false size:>=1000 pushed:>=2025-01-01 created:<2026-08-21
#     license:<each of the thirteen GitHub states>
#
#   `pushed` HAS NO UPPER BOUND, AND BOUNDING IT WAS TRIED AND REVERTED. The frame is not a fixed
#   population: a repository whose last push was in 2024 joins the moment somebody pushes to it, so the
#   count grows. It read 112,183 on 2026-08-20 and 112,251 three days later. Bounding `pushed` above at the
#   same ceiling `created` has was tried, on the reasoning that a fixed population is what makes a draw
#   reproducible. IT IS WORSE, AND THE MEASUREMENT SAYS SO.
#
#     - THE BOUNDED FRAME SHRINKS, AND IT EXPELS THE REPOSITORIES IT ALREADY DREW. `pushed` is a mutable
#       property. Under the upper bound a repository LEAVES the frame the moment anybody pushes to it, so
#       membership falls every day and a row already drawn can stop being a member. Under no upper bound
#       membership only ever grows: a repository pushed since 2025-01-01 stays in however often it is
#       pushed again, so a drawn row is a member forever. Monotone membership is the property that matters.
#     - IT COST 4,959 REPOSITORIES, AND THEY WERE THE MAINTAINED ONES. The bounded frame counted 107,224,
#       against 112,183 for the SAME window three days earlier. Those 4,959 were pushed in between, which
#       is what expelled them — so the bound removes exactly the actively maintained projects, which are
#       the ones that publish an artefact.
#     - THE TAKE RATE COLLAPSED, MEASURABLY. Sixteen ranks under the bounded frame took 3 and rejected 13,
#       against 30 taken of 53 recorded. Under the recorded rate a run of 16 takes 3 or fewer with
#       probability 0.0023, so this is the bound biasing the frame and not sampling noise.
#
#   NO `pushed` FRAME IS FIXED, BECAUSE `pushed` IS MUTABLE. Reproducibility does not come from re-running
#   the query, and cannot: it comes from THIS FILE, which pins every drawn repository at a commit. A draw is
#   a snapshot, its count is recorded beside it, and `-Dcs.draw.total` states which snapshot a run means to
#   reproduce rather than pretending the population stood still.
#
#   Each qualifier, and why it is there:
#     language:Java     the population, as GitHub states a primary language
#     fork:false        a fork is another repository's words copied; counting them twice is a sampling defect
#     mirror:false      the same reason
#     size:>=1000       one megabyte. A STATED bound, not a derived one, carried over from the first frame
#     pushed:>=2025-01-01   "modern" read as STILL BEING WORKED ON rather than recently started, with no
#                       upper bound so that membership only ever grows and a drawn row stays a member. A library
#                       begun in 2014 and pushed to this year writes today's Java; one begun in 2024 and
#                       abandoned does not. Creation date measures the wrong thing, so `pushed` is used.
#     license:...       the thirteen licences GITHUB ITSELF publishes at /licenses — agpl-3.0, apache-2.0,
#                       bsd-2-clause, bsd-3-clause, bsl-1.0, cc0-1.0, epl-2.0, gpl-2.0, gpl-3.0, lgpl-2.1,
#                       mit, mpl-2.0, unlicense. THE SET IS CITED, NOT CHOSEN: picking which licences count
#                       would be this project curating, so GitHub's own enumeration is used whole. They OR
#                       together in a query, which is what makes "states a licence GitHub recognises"
#                       expressible at all. A licence says nothing about what words a repository contains,
#                       so requiring one does not breach the rule this corpus exists to enforce. IT IS NOT
#                       NEUTRAL — a licensed repository is a more deliberate one — and that is stated rather
#                       than claimed away.
#     created:<...      a ceiling, so the frame is the same set on a later day
#
#   NOT in the frame: stars, watchers, archived state, and anything about subject matter.
#
#   PREDICATE, applied to every drawn rank without exception. GitHub's repository search cannot ask whether a
#   repository publishes anything, so it is asked of the tree directly, AT THE PINNED COMMIT:
#
#     accept if pom.xml at the repository root states a <groupId>
#          or if build.gradle or build.gradle.kts at the root applies maven-publish
#     reject otherwise, and take the next rank from the same seeded stream
#
#   A Maven groupId is the coordinate an artefact publishes under, and maven-publish is the plugin that
#   publishes one, so between them they are what a repository does to make its code available as a library.
#   The predicate is read over raw.githubusercontent.com rather than the API, which is why it costs no rate
#   limit. EVERY REJECTION IS RECORDED with the rank and the reason, in docs/reference-corpus/draw-published.json.
#
#   Rejection sampling on a predicate stated in advance is uniform over the sub-population that satisfies it.
#   That is the whole reason the predicate had to be written down before the draw ran rather than after: a
#   predicate adjusted once its rejections are visible is a choice about which repositories end up here.
#
# HOW MANY, and why it is a hundred rather than ten or thirty. The first two samples hold ten each, which is
#   what the plan asked for and is too few. A reference is a pooled density per word, so with ten roughly
#   equal repositories any one of them carries about a tenth of the total mass: a single blockchain
#   repository in the pool would have the reference claim `transaction` is written at a tenth of a blockchain
#   repository's rate, which is enough to demote it for besu. That is the contamination risk the plan names,
#   and ten bounds it badly. At thirty it is a thirtieth; at a hundred it is a hundredth.
#
#   THIRTY WAS THE NUMBER THAT LET THE BOUND BE MEASURED, AND THE MEASUREMENT SAID TO EXTEND. This header
#   stated before any rank was drawn that if the curve were still climbing at thirty the draw extends. It is
#   still climbing, and it will not stop: the disagreement between two references built from disjoint halves
#   of the draw falls as the sample size to the power -0.301, where averaging independent draws would give
#   -0.5. That exponent is between-repository heterogeneity rather than sampling noise, so no sample size
#   ends it. About one verdict in ten moves at thirty, all of it among words whose claim sits near zero.
#
#   A HUNDRED IS A BUDGET, NOT A DERIVED BOUND, AND SAYING SO IS THE POINT. Every threshold inside a reading
#   here is derived from a null; how much source a project is willing to fetch is not that kind of number.
#   What the measurements settle is the shape of the trade, and three readings of it point at a hundred.
#   One repository's weight falls to a hundredth, an order of magnitude below the tenth that made ten
#   unusable. The words that move are the ones estimated from almost no repositories — `buf` is carried by
#   an effective 4.94 of the thirty — and a hundred takes that to about sixteen, which is where a share
#   stops being one repository's accident. And past it the curve is flat: three hundred repositories buy
#   about two further points of churn for three times the source.
#
#   WHAT ACTUALLY SETTLES THE CHURN IS NOT SAMPLE SIZE. A word whose claim sits inside the reference's own
#   sampling error has not been shown to stand above chance, and that error is derivable from the split-half
#   measurement above rather than chosen. Reporting it is what makes the near-zero verdicts stop flipping,
#   and it costs no bandwidth at all.
#
#   EXTENDING A SEEDED DRAW IS NOT RE-ROLLING IT, ONCE THE FRAME IS FIXED. Further rows are the next values
#   from the same stream, so every row already recorded stays exactly as it was — which holds only because
#   the frame no longer moves under it, and is why the upper bound on `pushed` above was worth a re-draw. That is what makes growing a sample
#   different in kind from drawing it again until it looks right. The other two manifests can be grown the
#   same way without invalidating a row.
#
# Columns, the seeded draw, the exact-count method and the doctrine argument are as reference-corpus.tsv
# states them; only the frame and the predicate differ. The draw is CorpusDrawCommand, which writes both the
# record of every rank and rejection and the rows below.
#
# Source: THIS PROJECT ran the draw; GitHub states the frame, the licence enumeration and the ranks.
# big-data-plugin	https://github.com/tahopen/big-data-plugin.git	42f445f1825a020f9445b5b41ddb87f12f7416b3	Apache-2.0
# sentinel	https://github.com/ZhouJianBoPro/sentinel.git	0eec6130a863a6c947b5ffcebcc86c469ecdbc4f	Apache-2.0
# spring-boot-adminlte-master	https://github.com/jmolinsc/spring-boot-adminlte-master.git	421048e137bf717df8434ba17bfcdaccf874fd40	MIT
# worldsmemory	https://github.com/Satacki/WorldsMemory.git	a5fd0da19f0819f3829df247fbf64db820d98e28	MIT
# demand-cooking-backend	https://github.com/CR-7-CHEN/demand-cooking-backend.git	d1d29eb202db7261481f1ffdc08d070cb160a413	MIT
# matematix	https://github.com/Mutata56/MatematiX.git	65e0d7db5b21d50314b9bf42af754972553f327f	MIT
# common-xml	https://github.com/bremersee/common-xml.git	21f787fd683365d5dd0e359a7a264abda8b4a051	Apache-2.0
# local-life-service	https://github.com/Joshua36911/local-life-service.git	ecc86c857970c478f85cef50527e5e5a1fd501cc	Apache-2.0
# hapi-fhir-http-auth	https://github.com/zarif59/hapi-fhir-http-auth.git	3c65a82f6d4d0ff6899a67180939f1393b5aea46	Apache-2.0
# luna-springboot-demo	https://github.com/lunasaw/luna-springboot-demo.git	a738b8d0b1fee9751350bdb2064bf3df8a476684	MIT
# fable-worldgen	https://github.com/ViciousBadger/fable-worldgen.git	9ebdc22522556fd439db3451ad189391f2c57f51	CC0-1.0
# benchmarkjava	https://github.com/coyote-engineering/BenchmarkJava.git	1def24fc25772d034b72c704a7ff324a0eaddddb	GPL-2.0
# bahar	https://github.com/newdawn19/bahar.git	38b16dcfa34c3c7bb0e81cade3f0b512c6c35d20	AGPL-3.0
# allthecompressed	https://github.com/Pdiddy973/AllTheCompressed.git	c21f27d7f1efa599888df87f095890bcad2e683c	MIT
# framework	https://github.com/looken1024/framework.git	4063f35b9ee28f81e76ab71d664b8abfc31e41e4	Apache-2.0
# spring-data-jdbc-mybatis	https://github.com/VonChange/spring-data-jdbc-mybatis.git	8db33f9cf1a2343ecb058045e22fedd4d520e0bd	Apache-2.0
# backend-tienda-online	https://github.com/isairey/Backend-Tienda-Online.git	742dc1154946392ad612326099e9ee624ed80420	MIT
# demo-lab01-devops	https://github.com/hoanggiabao1804/demo-lab01-devops.git	c6456f59a518a33f26239d9992507efec130e736	MIT
# carml	https://github.com/carml/carml.git	f58ee44b1ccc162b6b65f180ba3eb00ffcdb5e86	MIT
# matrix-code	https://github.com/aevis-codex/matrix-code.git	3343e178ceb101bb3116395e7242747fbce199c3	MIT
# sec-prng	https://github.com/simon-greatrix/sec-prng.git	66251ecbd78d1adbd47678785d9dba75a1984600	MIT
# leapfrog-1.21	https://github.com/biggiemedium/Leapfrog-1.21.git	039b63ca8bf8309969f05e0d6b2823fcf20ab5af	CC0-1.0
# beanplanet-framework	https://github.com/lamerexter/beanplanet-framework.git	2dd37cfe5880439b2bd9f52487266f2964bbaf67	Apache-2.0
# anyline	https://github.com/anylineorg/anyline.git	a2ae4627fd235ffb729493c53d614a1891a2e99d	Apache-2.0
# microsphere-spring-boot	https://github.com/microsphere-projects/microsphere-spring-boot.git	6f2b98f03ebf89ff4e82cd5cef327033e7101cdd	Apache-2.0
# gametalk	https://github.com/Lexi115/GameTalk.git	11507cbcccd5d4a52165ef1d2bc4a81209fac6ba	MIT
# beyondlimits-1.20-neo-forge	https://github.com/Axell1280/BeyondLimits-1.20-neo-forge.git	86fb8cec06836b0055d135fda9025ceb1ef11382	MIT
# jamlin	https://github.com/Wradgio/Jamlin.git	79ca9270b2b7134f3b7cd56ff526444ae402eac3	Apache-2.0
# junit-selenium	https://github.com/CDTester/JUnit-Selenium.git	672100c5f2c0c2b34587f6c75bdb7c3f75667e94	MIT
# sop	https://github.com/shaphar98/SOP.git	af73da75f3365753cd01f9805d0588d1125bf6a5	MIT
# stitch-2	https://github.com/Actionizer/stitch-2.git	6f867f039faa350b844c88f99a91a662cae7468e	Apache-2.0
# tito-el-monito-ahorcado	https://github.com/adancortes-ing/tito-el-monito-ahorcado.git	cd251ccb1e92407d0776d87978bdfb78860a14e1	GPL-3.0
# adeptj-runtime	https://github.com/AdeptJ/adeptj-runtime.git	f2ad7e104a488288183feee3b1d4db80905eaa2d	Apache-2.0
# compilador-mini-java	https://github.com/DiogoAug16/compilador-mini-java.git	26bc893a9ddba2cb461f7f3f29b6f80ce7b5b8eb	MIT
# fever-events	https://github.com/adrianrevilla009/fever-events.git	c571a884795d2fe35f596b79993ed48f7e67da9a	Apache-2.0
# wivipay-backend	https://github.com/wilkernel/wivipay-backend.git	d7f4f37424e485e50f895106afd5159d8acfe422	MIT
# jwav-player	https://github.com/jude-james/JWav-Player.git	6ff6c1b381d87427e2bdfa97af14f8f18e73ca94	MIT
# java-apis	https://github.com/Smartlogic-Semaphore-Limited/Java-APIs.git	6054dcc7e92677c0d5c8d0c7f6a4f0a7e2b5ed15	Apache-2.0
# ph-db	https://github.com/phax/ph-db.git	e210a79b644dab8041cec29587a6310082d676cc	Apache-2.0
# chevy	https://github.com/bytestrick/chevy.git	20f4299a10c15833d3c0a9c054a589581a9c165b	GPL-3.0
# company	https://github.com/Cnewbeee/company.git	db11225e6cbde014edb8811733eb19b6442758f0	MIT
# modern-armor-bar	https://github.com/Madsbest/modern-armor-bar.git	b6d41f94ea344bc8f7603fd64a73870c5376e792	MIT
# ct-youtrackdb-976ac8d2	https://github.com/dachengxiaopang/ct-youtrackdb-976ac8d2.git	4f0383d10cb95441c7cb28f930df34fe3b9d87e4	Apache-2.0
# homiecenter	https://github.com/botorabi/HomieCenter.git	fe784bff92b0a6c1fa137412b0a871474ca6c447	MIT
# lasthope	https://github.com/harinivash8/lasthope.git	20851ecc8ff9cc87e56f094d4cc05042e3a04b5d	Apache-2.0
# mallchat	https://github.com/Aaron-g-u-o/MallChat.git	90cb4007d066d416bc7860fd64ffe9cbb5ff087e	Apache-2.0
# helpline104-api	https://github.com/PSMRI/Helpline104-API.git	f25c863965a24cfbdc8013cd6bb303af2b6a8f3f	GPL-3.0
# baritoneworker	https://github.com/TR-RBM/baritoneworker.git	62c0c636e45e2ea9e1b2365348f17a8ce2380446	CC0-1.0
# java_ia_las_palmas_demo	https://github.com/paparajote0101/JAVA_IA_Las_Palmas_Demo.git	1084a8ba8762b7c536bf5889c0c7617927308f24	MIT
# flowerbreeding	https://github.com/disjoint-account/FlowerBreeding.git	9002e4ed78fffac5504b60497f589ffd3b5cd8bd	MIT
# daily-shop-mod	https://github.com/bigchadguys/daily-shop-mod.git	ed328b47c861587ff75e150446572398fa8b2175	GPL-3.0
# ruo-yi-cloud-vue	https://github.com/open-source-project-by-zlxls/ruo-yi-cloud-vue.git	15b9f1cc3ea3ed2fabdb373665661b5940384fd3	MIT
# hadoop-wordcount	https://github.com/MFS-code/Hadoop-WordCount.git	ad137556431fdf4d90e285d8998bb4e7f0324b7c	MIT
# expense-management-rest-api	https://github.com/izumacha/Expense-Management-Rest-API.git	acf74b1f5be710b920a125a40ef4b4579e7d6b08	MIT
# vraptor4	https://github.com/siqale/vraptor4.git	593ce9ad60f9d38c360881b2132417c56b8cc093	Apache-2.0
# astraladditions	https://github.com/ethanicusss/AstralAdditions.git	cdde321950225c3c959dd1ec43d6706d331955ec	CC0-1.0
# ruoyi-vue-plus	https://github.com/sameal153/ruoyi-vue-plus.git	27518ae06eaeaee3c36890b9eeaee9239f3ea522	MIT
# amazon-sns-java-messaging-lib	https://github.com/mvallim/amazon-sns-java-messaging-lib.git	5261f478dc7d28bc8d84c8a7394df2fb8aa23e75	Apache-2.0
# slothy-s-tree	https://github.com/IlySlothy/Slothy-s-Tree.git	85d185f676c311765370b2020f61ff4e627f1513	MIT
# test_sky_main	https://github.com/JOYE661/Test_sky_main.git	a7f5d1987e1e257c9d40e241fa799c26ac85794f	Apache-2.0
# information-walls-serve	https://github.com/JCXYOZH/information-walls-serve.git	b757d686af6bde75cf0a063f279ad47e66398cf2	MIT
# sma-eventsourcing-17	https://github.com/christiandrochon/sma-eventsourcing-17.git	c639b1ea1660a76dd8975a612fd81481035fae00	MIT
# gpu_rentaler	https://github.com/xsinxcos/GPU_Rentaler.git	e42929a8b95c7100dab0c4cd401ef133c12a9d22	MIT
# velr-kotlin-driver	https://github.com/velr-ai/velr-kotlin-driver.git	2934d6c05d9080b8d28910b4970ec4e7efd6f63c	MIT
# mychat	https://github.com/OldFriend-C/MyChat.git	085cfaabbf323e93fbacb8099742cc2efe8699c0	Apache-2.0
# springcloud-review	https://github.com/skyisolated/springcloud-review.git	682a6b30ea46e46e9af7d324c5883fb7b939f241	Apache-2.0
# morethanpomodoro	https://github.com/turkerozturk/morethanpomodoro.git	49af4d291968f1b1a7a71f41124e60164cd754fd	GPL-3.0
# mod-users	https://github.com/folio-org/mod-users.git	f706c43c9ecfc5d0226448ca62047e9ec103baeb	Apache-2.0
# eclipse.platform.releng.buildtools	https://github.com/eclipse-platform/eclipse.platform.releng.buildtools.git	b197c6aef1f53d6a6e0efdaaf7e3eba84dfadda9	EPL-2.0
# scrabble	https://github.com/ekarakusnl/scrabble.git	a400702228bcc1a903e8b217868b1aa6623a79d4	GPL-3.0
# arkdsl	https://github.com/RM2PT/ArkDSL.git	ca4c431c6c1c9a1fd2eff2c8c08a81546869a0e1	MIT
# mud	https://github.com/davidrudder23/mud.git	89f7980d85afda73cbd13db9c17db78ae169bee5	Apache-2.0
# elton	https://github.com/globalbioticinteractions/elton.git	c60ec8d858ec12d6cad13823f317065b635a1b3c	GPL-3.0
# cache2k	https://github.com/cache2k/cache2k.git	6cf589ea28c02ba0b49dac2b38e849238053f1bf	Apache-2.0
# internal-developer-platform	https://github.com/Decathlon/internal-developer-platform.git	f148be0c1b708a3195b8519933a99f08dcccac68	Apache-2.0
# discordeconomysystem	https://github.com/Zone-Infinity/DiscordEconomySystem.git	753b9375d52840a5b27bff4a469af34ebac09092	MIT
# bank-of-sirius	https://github.com/nginxinc/bank-of-sirius.git	03714915db018831c3551f0bd39c44ea4b8dd32a	Apache-2.0
# oracle-cloud-sql-driver	https://github.com/satyapadala/oracle-cloud-sql-driver.git	a487b731eba5f91a3e126442c5ccec754e63e9ba	MIT
# jboss-msc2	https://github.com/jboss-msc/jboss-msc2.git	37272cf2796c59e981c24286cf33eea51773155e	Apache-2.0
# ginsim	https://github.com/GINsim/GINsim.git	08e89863aba41314537a83c7351b43301b1d4b3c	GPL-3.0
# iwa-java	https://github.com/pguraedy/IWA-Java.git	81111d3aa03bd6ed1deaeea4972be745e85ebe4d	GPL-3.0
# org.openwms.wms.movements.lib	https://github.com/openwms/org.openwms.wms.movements.lib.git	f9a87f25fe99294a84509588587af058f1ab4052	Apache-2.0
# makemkvrename	https://github.com/tycho-mertens/MakeMKVRename.git	5f503893f3f455c3e294d271fc9f56f8d7e5ad81	AGPL-3.0
# inji-certify-revoke	https://github.com/Nandeesh778/inji-certify-revoke.git	4f2c86e8675b86e11637207f76b6d4c355a4ae7e	MPL-2.0
# sling-org-apache-sling-testing-osgi-mock	https://github.com/apache/sling-org-apache-sling-testing-osgi-mock.git	87b500748a80fbafe6859fb8596789af163479aa	Apache-2.0
# mfgp	https://github.com/mcgivrer/mfgp.git	f4f0fb684761494dd8ebe7cd62c416efa8c335cd	MIT
# ueditor-plus-java	https://github.com/gloryhui/ueditor-plus-java.git	c933f881e908aeef6426e6590168b14125e64358	Apache-2.0
# minecraft-classic-reborn	https://github.com/denukernel/Minecraft-Classic-Reborn.git	a3b1a39702a65035152bcae1c5be795c8cee41c5	MIT
# taczattributeadd	https://github.com/xlxyvergil/TaczAttributeAdd.git	adde1ae378c1cfeae244f8f6a3b7b640063d8ef0	GPL-3.0
# pavan-petstore	https://github.com/Pavanmanda356/Pavan-petstore.git	cbfc903630334fa6e4c34f6c0ade6ece10b9ab07	Apache-2.0
# java_danfe	https://github.com/Samuel-Oliveira/Java_Danfe.git	9b0798d660e7953e71ea894bff303dbee54a773c	MIT
# javai	https://github.com/dcaudell/javai.git	08e7a085dbd30a61f85ade1d34b8eb26b2498809	Apache-2.0
# esportsmanager	https://github.com/luckyscooby/eSportsManager.git	0f6ece37812f58567c3bf8a4298ac39a9a6b6279	MIT
# ofbiz-framework-222559	https://github.com/kavia-common/Ofbiz-framework-222559.git	38c8692617e1eda9fc10687dfd145ff7b8421507	Apache-2.0
# rohan-code	https://github.com/acdmammoths/ROhAN-code.git	556ee2217bfc21437725fe5ff87278f48b997c7e	GPL-3.0
# serialthreads	https://github.com/markusheiden/serialthreads.git	97137345b7fb2b51620a611c6f914c2b74b2a6a4	GPL-3.0
# studentlifeapi-java	https://github.com/salmonineath/StudentLifeApi-java.git	afed5f8dc52fc7742821ab64ed53562e3e4e0200	MIT
# formeditor-demos	https://github.com/axonivy-market/formeditor-demos.git	da0ecadfe4d2a24e3e7adbff5b457fcb65178e44	Apache-2.0
# pygalago	https://github.com/QingyaoAi/PyGalago.git	c1ea54178f55effcc09e849293106dd3fa98c802	BSD-3-Clause
# realisticcitiescoder	https://github.com/PsychoicCoder/RealisticCitiesCoder.git	f12502d3ae70a8aca1131b1e5ded31be6ba0b568	CC0-1.0
exception_handler	106	2.225e-02	1.034e-02
data_type	92	1.828e-02	7.804e-03
access_token	275	1.802e-02	6.991e-03
first_name	195	1.780e-02	7.979e-03
test_case	599	1.552e-02	1.013e-02
start_date	256	1.472e-02	5.712e-03
back_end	129	1.387e-02	1.018e-02
entity_type	156	1.286e-02	6.586e-03
file_size	118	1.255e-02	5.872e-03
end_date	193	1.236e-02	5.343e-03
error_message	375	1.185e-02	3.423e-03
combo_box	34	1.178e-02	1.003e-02
primary_key	206	1.178e-02	7.048e-03
log_out	83	1.176e-02	3.474e-03
small_white	2	1.008e-02	1.000e-02
step_size	3	1.003e-02	1.000e-02
event_handler	64	1.001e-02	5.628e-03
public_key	213	8.603e-03	3.734e-03
credit_card	105	8.292e-03	6.234e-03
tear_down	61	8.216e-03	4.969e-03
super_class	164	8.069e-03	4.183e-03
private_key	212	7.929e-03	3.781e-03
item_set	114	7.905e-03	7.847e-03
light_blue	73	7.455e-03	5.791e-03
rate_limit	58	7.331e-03	3.853e-03
spawn_point	5	7.143e-03	7.143e-03
knock_back	24	7.089e-03	6.069e-03
second_service	99	7.050e-03	6.341e-03
entity_name	435	6.505e-03	2.932e-03
hello_world	11	6.502e-03	5.050e-03
expire_time	121	6.451e-03	2.191e-03
time_zone	446	6.253e-03	2.830e-03
exit_code	26	6.072e-03	3.378e-03
return_value	140	6.029e-03	2.432e-03
use_case	10	6.002e-03	4.523e-03
value_type	93	5.730e-03	2.491e-03
phone_number	118	5.572e-03	1.902e-03
back_off	35	5.418e-03	2.823e-03
thread_pool	64	5.333e-03	2.187e-03
frequency_control	92	5.287e-03	5.287e-03
return_type	80	5.159e-03	1.729e-03
queue_size	21	5.111e-03	4.740e-03
secret_key	97	4.787e-03	2.051e-03
dry_run	74	4.712e-03	4.710e-03
scroll_bar	60	4.682e-03	2.983e-03
local_time	326	4.561e-03	2.637e-03
search_term	11	4.548e-03	4.545e-03
working_directory	12	4.407e-03	4.400e-03
cross_hair	4	4.394e-03	4.286e-03
front_end	58	4.301e-03	2.964e-03
hash_code	264	4.056e-03	1.247e-03
burn_time	2	4.000e-03	4.000e-03
check_box	27	3.985e-03	2.130e-03
bar_code	20	3.922e-03	3.183e-03
data_table	10	3.900e-03	3.638e-03
account_number	13	3.861e-03	2.821e-03
save_point	27	3.837e-03	3.750e-03
output_file	50	3.784e-03	1.769e-03
event_type	47	3.604e-03	1.564e-03
index_name	271	3.536e-03	1.486e-03
round_trip	478	3.534e-03	1.899e-03
mime_type	165	3.502e-03	1.490e-03
text_input	6	3.442e-03	3.334e-03
status_text	10	3.403e-03	2.872e-03
run_time	14	3.399e-03	2.096e-03
input_file	51	3.361e-03	1.873e-03
get_in_touch	2	3.333e-03	3.333e-03
title_bar	5	3.333e-03	3.333e-03
wild_card	77	3.051e-03	1.123e-03
execution_time	42	3.030e-03	2.924e-03
file_system	112	3.011e-03	1.884e-03
state_machine	22	2.930e-03	2.677e-03
user_request	15	2.911e-03	1.973e-03
empty_string	99	2.862e-03	1.120e-03
entry_point	181	2.859e-03	1.080e-03
symbol_table	2	2.857e-03	2.857e-03
context_data	10	2.841e-03	2.800e-03
user_response	15	2.829e-03	1.963e-03
third_party	38	2.821e-03	1.985e-03
drop_down	101	2.798e-03	2.027e-03
date_range	88	2.758e-03	1.955e-03
thread_count	91	2.719e-03	1.433e-03
mark_down	16	2.715e-03	2.600e-03
zoo_keeper	107	2.699e-03	1.781e-03
white_space	65	2.663e-03	9.843e-04
business_service	6	2.639e-03	2.257e-03
absolute_path	25	2.580e-03	1.315e-03
long_time	4	2.577e-03	2.500e-03
line_number	63	2.556e-03	1.255e-03
file_access	12	2.539e-03	2.433e-03
mail_service	8	2.537e-03	1.787e-03
circular_queue	2	2.527e-03	2.500e-03
case_sensitive	62	2.519e-03	1.557e-03
sign_bit	4	2.507e-03	2.500e-03
entity_tag	2	2.503e-03	2.500e-03
game_time	1	2.500e-03	2.500e-03
time_frame	1	2.500e-03	2.500e-03
shopping_cart	29	2.262e-03	2.200e-03
music_box	11	2.157e-03	2.157e-03
line_item	12	2.048e-03	2.041e-03
address_book	10	2.000e-03	2.000e-03
blue_ice	1	2.000e-03	2.000e-03
heart_block	1	2.000e-03	2.000e-03
user_status	16	1.949e-03	8.129e-04
payment_method	155	1.914e-03	1.188e-03
self_test	19	1.904e-03	1.781e-03
safe_mode	7	1.892e-03	1.892e-03
prepared_statement	20	1.890e-03	1.305e-03
file_manager	8	1.886e-03	1.175e-03
user_profile	16	1.825e-03	8.183e-04
academic_year	2	1.818e-03	1.818e-03
pay_amount	53	1.809e-03	1.440e-03
data_file	55	1.802e-03	8.557e-04
expected_value	34	1.789e-03	8.333e-04
cache_miss	38	1.782e-03	1.558e-03
encrypted_password	2	1.769e-03	1.669e-03
date_list	27	1.750e-03	1.130e-03
tax_rate	82	1.739e-03	1.726e-03
data_sink	8	1.739e-03	1.739e-03
rate_limiter	30	1.707e-03	6.596e-04
camel_case	23	1.702e-03	6.209e-04
bar_end	5	1.667e-03	1.667e-03
resource_type	51	1.661e-03	1.068e-03
right_side	34	1.661e-03	1.502e-03
owner_type	49	1.658e-03	1.422e-03
email_address	38	1.646e-03	1.091e-03
elapsed_time	13	1.629e-03	1.088e-03
startup_time	5	1.624e-03	1.600e-03
stage_name	57	1.624e-03	1.624e-03
user_agent	50	1.593e-03	6.087e-04
body_part	10	1.588e-03	1.522e-03
user_group	25	1.582e-03	1.481e-03
unit_test	18	1.558e-03	9.024e-04
event_date	12	1.539e-03	1.522e-03
web_security	6	1.503e-03	8.792e-04
damage_boost	9	1.500e-03	1.500e-03
drag_and_drop	3	1.500e-03	1.062e-03
null_pointer	20	1.492e-03	1.051e-03
block_time	4	1.481e-03	1.481e-03
program_name	4	1.467e-03	1.267e-03
read_count	31	1.466e-03	1.001e-03
lock_time	14	1.466e-03	6.198e-04
total_revenue	10	1.449e-03	1.449e-03
binary_operation	1	1.429e-03	1.429e-03
exit_program	1	1.429e-03	1.429e-03
gain_control	1	1.429e-03	1.429e-03
sold_out	1	1.429e-03	1.429e-03
token_bucket	35	1.414e-03	7.752e-04
factory_class	7	1.409e-03	1.214e-03
fire_fox	6	1.362e-03	1.333e-03
cache_size	100	1.358e-03	5.004e-04
function_value	11	1.357e-03	1.333e-03
project_name	23	1.348e-03	1.186e-03
stack_trace	58	1.348e-03	5.596e-04
plain_text	12	1.340e-03	8.674e-04
tail_call	8	1.336e-03	1.297e-03
street_address	10	1.333e-03	1.333e-03
view_model	60	1.318e-03	1.262e-03
unit_price	34	1.312e-03	9.092e-04
due_date	6	1.301e-03	1.161e-03
ring_buffer	5	1.293e-03	1.290e-03
set_operation	17	1.279e-03	5.982e-04
load_time	45	1.274e-03	1.205e-03
mouse_over	19	1.267e-03	7.855e-04
progress_bar	9	1.260e-03	1.022e-03
search_result	82	1.258e-03	9.630e-04
bit_string	16	1.250e-03	1.250e-03
production_code	3	1.250e-03	1.250e-03
null_object	35	1.221e-03	9.168e-04
full_screen	12	1.210e-03	9.294e-04
start_page	22	1.189e-03	7.228e-04
language_code	20	1.183e-03	1.183e-03
image_map	20	1.177e-03	8.580e-04
circuit_breaker	40	1.175e-03	8.520e-04
slow_down	16	1.174e-03	8.654e-04
trap_door	7	1.167e-03	1.167e-03
health_care	66	1.152e-03	1.152e-03
color_code	9	1.133e-03	7.831e-04
debug_mode	12	1.095e-03	9.490e-04
bloom_filter	10	1.090e-03	1.071e-03
action_type	3	1.080e-03	1.053e-03
main_menu	6	1.062e-03	7.399e-04
black_hole	7	1.061e-03	9.829e-04
empty_word	2	1.053e-03	1.053e-03
status_line	18	1.050e-03	7.020e-04
audio_file	11	1.040e-03	7.024e-04
point_cut	12	1.015e-03	4.294e-04
last_four	7	1.014e-03	1.014e-03
user_base	5	1.000e-03	1.000e-03
primitive_type	18	9.931e-04	5.096e-04
date_of_birth	26	9.835e-04	7.549e-04
open_table	23	9.829e-04	9.829e-04
composite_key	225	9.655e-04	6.807e-04
rule_base	16	9.467e-04	9.467e-04
list_price	41	9.430e-04	8.248e-04
service_class	11	9.426e-04	7.874e-04
total_order	15	9.384e-04	6.639e-04
verification_method	12	9.375e-04	9.375e-04
key_binding	8	9.044e-04	6.616e-04
text_file	27	8.972e-04	4.889e-04
frame_rate	8	8.774e-04	5.234e-04
bound_property	3	8.571e-04	8.571e-04
web_application	3	8.571e-04	8.571e-04
source_file	14	8.446e-04	4.828e-04
reverse_proxy	4	8.426e-04	4.588e-04
encrypted_data	22	8.413e-04	4.383e-04
query_tree	31	8.403e-04	8.262e-04
status_effect	6	8.382e-04	7.856e-04
change_event	131	8.349e-04	4.746e-04
cypress_vine	11	8.333e-04	8.333e-04
index_change	2	8.333e-04	8.333e-04
pitcher_plant	11	8.333e-04	8.333e-04
remote_access	1	8.333e-04	8.333e-04
out_trade	5	8.321e-04	8.003e-04
add_value	52	8.320e-04	3.505e-04
unit_cost	7	8.266e-04	8.163e-04
bank_card	16	8.199e-04	4.028e-04
data_entry	3	8.186e-04	8.000e-04
fail_over	16	8.124e-04	4.670e-04
service_provider	30	8.110e-04	5.642e-04
mountain_bike	2	8.000e-04	8.000e-04
zero_prefix	2	7.977e-04	7.695e-04
test_match	97	7.954e-04	6.116e-04
fishing_rod	4	7.843e-04	7.843e-04
sea_level	4	7.843e-04	7.843e-04
checked_exception	15	7.779e-04	4.514e-04
menu_bar	2	7.754e-04	6.744e-04
clock_offset	1	7.692e-04	7.692e-04
garbage_collector	1	7.692e-04	7.692e-04
major_axis	1	7.692e-04	7.692e-04
priority_level	2	7.692e-04	7.692e-04
style_sheet	15	7.662e-04	4.839e-04
table_service	8	7.632e-04	4.064e-04
zip_code	47	7.630e-04	7.091e-04
transaction_time	13	7.529e-04	7.246e-04
security_policy	87	7.420e-04	5.738e-04
single_entry	34	7.394e-04	5.285e-04
last_update_time	15	7.287e-04	5.184e-04
health_bar	6	7.206e-04	6.683e-04
same_type	30	7.137e-04	3.964e-04
product_feature	190	7.068e-04	6.432e-04
cartesian_product	21	7.044e-04	6.674e-04
time_to_live	8	7.043e-04	3.516e-04
title_screen	4	6.991e-04	6.469e-04
step_time	10	6.944e-04	6.944e-04
flow_control	16	6.847e-04	5.318e-04
role_model	11	6.832e-04	6.832e-04
path_length	5	6.820e-04	4.804e-04
check_mark	3	6.721e-04	6.455e-04
priority_queue	13	6.695e-04	4.355e-04
attribute_data	2	6.667e-04	6.667e-04
data_set	9	6.599e-04	2.970e-04
data_controller	8	6.563e-04	2.945e-04
data_feed	3	6.522e-04	6.522e-04
order_form	15	6.465e-04	4.553e-04
alpha_max	2	6.452e-04	6.452e-04
card_index	2	6.452e-04	6.452e-04
first_cause	2	6.452e-04	6.452e-04
poison_pill	2	6.452e-04	6.452e-04
search_box	2	6.452e-04	6.452e-04
graph_class	16	6.434e-04	6.410e-04
day_of_month	37	6.360e-04	3.404e-04
personal_data	9	6.338e-04	6.338e-04
security_type	14	6.274e-04	5.269e-04
empty_set	34	6.262e-04	4.586e-04
set_function	15	6.186e-04	3.747e-04
aggregate_function	62	6.161e-04	4.534e-04
product_reviews	6	6.122e-04	6.122e-04
left_wing	4	6.095e-04	4.465e-04
right_wing	4	6.095e-04	4.465e-04
black_eye	8	6.061e-04	6.061e-04
pink_eye	8	6.061e-04	6.061e-04
delivery_time	3	6.000e-04	6.000e-04
message_queue	14	5.996e-04	5.307e-04
game_mode	7	5.974e-04	5.456e-04
limit_type	16	5.949e-04	3.159e-04
credit_cards	6	5.866e-04	5.797e-04
format_string	31	5.819e-04	2.811e-04
test_double	59	5.814e-04	3.975e-04
map_reduce	30	5.811e-04	5.393e-04
end_user	38	5.790e-04	5.586e-04
blood_group	33	5.759e-04	5.759e-04
code_fence	2	5.714e-04	5.714e-04
composite_index	242	5.705e-04	5.705e-04
setup_time	11	5.648e-04	5.555e-04
access_time	6	5.587e-04	5.013e-04
day_of_week	45	5.582e-04	3.289e-04
get_out	20	5.580e-04	2.850e-04
handle_time	10	5.571e-04	3.930e-04
final_field	3	5.556e-04	5.556e-04
sample_path	8	5.556e-04	5.556e-04
service_product	1	5.556e-04	5.556e-04
command_line	31	5.527e-04	5.199e-04
knowledge_graph	18	5.521e-04	5.521e-04
key_word	8	5.492e-04	5.469e-04
timed_out	7	5.426e-04	5.263e-04
bit_depth	2	5.405e-04	5.405e-04
version_number	7	5.404e-04	5.333e-04
code_point	9	5.385e-04	4.072e-04
first_leg	4	5.333e-04	5.333e-04
access_control	4	5.318e-04	4.789e-04
abstract_entity	2	5.297e-04	5.263e-04
key_change	2	5.287e-04	5.263e-04
fade_out	4	5.278e-04	4.064e-04
double_letter	1	5.263e-04	5.263e-04
game_controller	1	5.263e-04	5.263e-04
saved_game	1	5.263e-04	5.263e-04
abstract_model	4	5.206e-04	4.578e-04
coupon_code	22	5.165e-04	4.303e-04
character_encoding	8	5.121e-04	3.238e-04
blood_bank	29	5.061e-04	5.061e-04
data_provider	6	5.012e-04	3.634e-04
tab_index	29	5.000e-04	2.973e-04
null_element	17	4.991e-04	3.346e-04
stress_test	18	4.961e-04	4.820e-04
expiration_time	15	4.904e-04	3.564e-04
check_out	25	4.869e-04	4.149e-04
type_conversion	10	4.782e-04	3.168e-04
breast_cancer	1	4.762e-04	4.762e-04
services_discovery	1	4.762e-04	4.762e-04
web_content	1	4.762e-04	4.762e-04
machine_code	3	4.722e-04	2.772e-04
join_point	11	4.706e-04	4.394e-04
reference_value	5	4.674e-04	2.527e-04
payment_service	15	4.664e-04	3.087e-04
check_sum	15	4.639e-04	4.350e-04
idle_time	12	4.633e-04	3.079e-04
memory_cache	16	4.631e-04	4.354e-04
test_suite	27	4.588e-04	4.048e-04
query_terms	16	4.558e-04	4.558e-04
session_key	13	4.503e-04	2.787e-04
cube_root	4	4.494e-04	4.494e-04
rate_index	4	4.494e-04	4.494e-04
kick_out	6	4.468e-04	3.445e-04
one_shot	12	4.441e-04	4.417e-04
time_unit	2	4.416e-04	3.427e-04
message_header	3	4.409e-04	3.425e-04
cluster_nodes	6	4.399e-04	4.045e-04
wire_frame	7	4.395e-04	2.592e-04
host_plant	2	4.348e-04	4.348e-04
line_of_sight	4	4.348e-04	4.348e-04
man_page	2	4.348e-04	4.348e-04
request_result	2	4.348e-04	4.348e-04
water_level	4	4.348e-04	4.348e-04
tree_model	11	4.342e-04	3.532e-04
data_record	5	4.261e-04	4.167e-04
directory_service	24	4.257e-04	3.706e-04
connection_string	9	4.196e-04	2.996e-04
cell_type	2	4.167e-04	4.167e-04
context_menu	1	4.167e-04	4.167e-04
data_exchange	1	4.167e-04	4.167e-04
guest_star	1	4.167e-04	4.167e-04
native_support	2	4.167e-04	4.167e-04
double_precision	60	4.137e-04	4.090e-04
replace_text	5	4.137e-04	2.051e-04
application_logic	3	4.000e-04	4.000e-04
drop_dead	3	4.000e-04	4.000e-04
input_source	1	4.000e-04	4.000e-04
part_number	1	4.000e-04	4.000e-04
process_code	1	4.000e-04	4.000e-04
working_set	14	3.989e-04	3.989e-04
test_copy	41	3.965e-04	2.200e-04
web_site	107	3.951e-04	3.641e-04
set_out	9	3.949e-04	2.265e-04
single_threaded	23	3.943e-04	3.896e-04
machine_gun	2	3.922e-04	3.922e-04
poison_message	1	3.846e-04	3.846e-04
control_panel	5	3.844e-04	3.395e-04
scale_factor	14	3.843e-04	2.150e-04
data_format	8	3.782e-04	1.972e-04
stored_procedure	4	3.774e-04	3.774e-04
shared_secrets	6	3.727e-04	3.727e-04
source_role	6	3.727e-04	3.727e-04
get_open	12	3.703e-04	1.895e-04
first_day	34	3.643e-04	2.322e-04
lag_time	9	3.614e-04	3.614e-04
time_box	9	3.614e-04	3.614e-04
lower_boundary	2	3.592e-04	3.243e-04
upper_boundary	2	3.592e-04	3.243e-04
msg_type	9	3.590e-04	2.502e-04
job_execution	5	3.511e-04	1.919e-04
cluster_state	12	3.492e-04	2.718e-04
sliding_window	5	3.489e-04	2.578e-04
seek_time	4	3.405e-04	3.371e-04
call_site	6	3.386e-04	2.393e-04
damage_location	1	3.333e-04	3.333e-04
set_gun	1	3.333e-04	3.333e-04
web_page	2	3.333e-04	2.419e-04
time_of_day	4	3.331e-04	3.261e-04
audio_data	6	3.312e-04	2.902e-04
account_name	13	3.308e-04	3.206e-04
user_account	6	3.288e-04	2.396e-04
first_time	8	3.278e-04	2.007e-04
attack_time	3	3.261e-04	3.261e-04
main_frame	6	3.260e-04	2.404e-04
buffer_capacity	1	3.226e-04	3.226e-04
identity_provider	5	3.226e-04	3.226e-04
library_file	1	3.226e-04	3.226e-04
lower_class	4	3.226e-04	3.226e-04
match_score	1	3.226e-04	3.226e-04
screen_background	1	3.226e-04	3.226e-04
simple_meter	1	3.226e-04	3.226e-04
super_key	1	3.226e-04	3.226e-04
tag_strip	1	3.226e-04	3.226e-04
data_stream	13	3.144e-04	2.618e-04
web_server	21	3.135e-04	1.599e-04
text_box	7	3.102e-04	2.355e-04
vector_field	16	3.096e-04	2.030e-04
class_list	9	3.077e-04	2.241e-04
success_message	33	2.988e-04	1.497e-04
load_factor	7	2.980e-04	2.898e-04
key_stream	126	2.970e-04	2.970e-04
search_as_you_type	42	2.962e-04	2.962e-04
source_code	7	2.952e-04	2.648e-04
reset_button	4	2.944e-04	2.296e-04
write_operations	4	2.928e-04	2.857e-04
upper_camel_case	2	2.899e-04	2.899e-04
compression_type	15	2.882e-04	2.610e-04
event_time	4	2.878e-04	2.878e-04
event_logs	4	2.817e-04	2.817e-04
system_error	6	2.781e-04	2.344e-04
least_significant_bits	8	2.780e-04	1.862e-04
position_controller	2	2.778e-04	2.778e-04
client_server	7	2.776e-04	2.434e-04
upper_bound	26	2.774e-04	1.307e-04
response_time	13	2.739e-04	1.406e-04
type_class	14	2.738e-04	1.905e-04
area_code	10	2.723e-04	2.588e-04
color_depth	1	2.703e-04	2.703e-04
compression_ratio	1	2.703e-04	2.703e-04
deep_copy	7	2.677e-04	1.618e-04
default_logic	2	2.667e-04	2.667e-04
license_plate	2	2.667e-04	2.667e-04
web_log	2	2.658e-04	2.156e-04
head_cell	2	2.639e-04	1.859e-04
roll_back	26	2.629e-04	1.578e-04
multiple_targets	4	2.581e-04	2.581e-04
person_name	18	2.566e-04	1.766e-04
adjacency_matrix	6	2.564e-04	2.564e-04
core_nodes	6	2.564e-04	2.564e-04
cost_price	8	2.564e-04	2.564e-04
list_box	10	2.563e-04	2.171e-04
offset_time	5	2.526e-04	1.979e-04
object_language	3	2.517e-04	1.774e-04
home_directory	9	2.507e-04	1.568e-04
named_entity	3	2.479e-04	1.972e-04
sign_off	2	2.472e-04	2.082e-04
free_space	71	2.458e-04	1.809e-04
middle_name	15	2.446e-04	1.721e-04
game_over	6	2.435e-04	1.723e-04
current_account	9	2.426e-04	2.426e-04
font_name	9	2.426e-04	2.426e-04
equivalence_relations	4	2.367e-04	2.367e-04
index_structure	4	2.367e-04	2.367e-04
proxy_server	4	2.367e-04	2.367e-04
search_history	15	2.337e-04	2.269e-04
empty_graph	5	2.301e-04	1.803e-04
shell_out	6	2.264e-04	2.193e-04
leaf_node	7	2.260e-04	1.453e-04
inventory_item	59	2.256e-04	2.002e-04
magic_number	29	2.252e-04	1.788e-04
audio_files	2	2.247e-04	2.247e-04
audio_stream	2	2.247e-04	2.247e-04
brick_breaker	2	2.247e-04	2.247e-04
display_panel	2	2.247e-04	2.247e-04
second_hand	2	2.247e-04	2.247e-04
square_wave	2	2.247e-04	2.247e-04
start_button	2	2.247e-04	2.247e-04
white_noise	2	2.247e-04	2.247e-04
company_name	6	2.189e-04	2.155e-04
single_quote	9	2.189e-04	2.007e-04
question_mark	8	2.176e-04	2.003e-04
code_books	2	2.174e-04	2.174e-04
get_life	1	2.174e-04	2.174e-04
launch_game	2	2.174e-04	2.174e-04
natural_history	1	2.174e-04	2.174e-04
phrase_book	2	2.174e-04	2.174e-04
set_mine	2	2.174e-04	2.174e-04
stream_data	1	2.174e-04	2.174e-04
fade_time	8	2.156e-04	2.156e-04
test_results	11	2.140e-04	1.874e-04
adjacency_list	5	2.137e-04	2.137e-04
decision_analysis	5	2.137e-04	2.137e-04
fire_tree	5	2.137e-04	2.137e-04
hash_table	28	2.136e-04	1.310e-04
double_equals	2	2.107e-04	2.083e-04
escape_character	1	2.083e-04	2.083e-04
life_cycle	8	2.079e-04	2.009e-04
pattern_matching	4	2.071e-04	1.424e-04
security_service	2	2.056e-04	1.481e-04
model_test	9	2.045e-04	1.295e-04
language_model	5	2.039e-04	1.775e-04
left_shift	6	2.007e-04	1.387e-04
delivery_order	1	2.000e-04	2.000e-04
exclamation_mark	1	2.000e-04	2.000e-04
beta_iron	1	1.961e-04	1.961e-04
cut_out	1	1.961e-04	1.961e-04
fishing_line	1	1.961e-04	1.961e-04
word_wrap	1	1.961e-04	1.961e-04
time_out	14	1.940e-04	1.212e-04
aspect_ratio	2	1.936e-04	1.686e-04
expire_date	10	1.930e-04	1.734e-04
confirm_status	6	1.923e-04	1.923e-04
real_time	5	1.911e-04	1.863e-04
order_type	41	1.881e-04	1.221e-04
insertion_order	12	1.876e-04	1.383e-04
read_receipt	3	1.863e-04	1.863e-04
token_economy	3	1.863e-04	1.863e-04
double_code	1	1.852e-04	1.852e-04
object_code	1	1.852e-04	1.852e-04
stack_frame	1	1.852e-04	1.852e-04
trace_back	1	1.852e-04	1.852e-04
last_word	12	1.851e-04	1.714e-04
time_slot	5	1.832e-04	1.832e-04
round_robin	11	1.831e-04	1.192e-04
payment_amount	11	1.792e-04	1.486e-04
leap_year	7	1.787e-04	1.182e-04
formal_parameter	2	1.761e-04	1.396e-04
service_status	8	1.726e-04	1.363e-04
hash_value	6	1.709e-04	1.709e-04
state_space	4	1.709e-04	1.709e-04
broken_arrow	2	1.690e-04	1.667e-04
stop_word	20	1.688e-04	1.259e-04
service_time	7	1.671e-04	1.603e-04
back_action	1	1.667e-04	1.667e-04
step_back	1	1.667e-04	1.667e-04
family_name	9	1.659e-04	1.493e-04
short_circuit	21	1.650e-04	1.260e-04
file_format	10	1.649e-04	1.015e-04
commission_amount	4	1.614e-04	1.329e-04
security_model	2	1.613e-04	1.613e-04
lower_bound	15	1.610e-04	1.043e-04
open_file	4	1.598e-04	1.198e-04
target_position	26	1.597e-04	1.192e-04
direct_buffer	7	1.591e-04	1.455e-04
test_collection	45	1.583e-04	1.158e-04
free_list	67	1.579e-04	1.579e-04
display_list	2	1.563e-04	1.563e-04
master_key	2	1.563e-04	1.563e-04
reference_type	6	1.562e-04	1.538e-04
customer_profile	7	1.549e-04	1.549e-04
payment_order	7	1.549e-04	1.549e-04
black_tulip	2	1.515e-04	1.515e-04
blue_daisy	2	1.515e-04	1.515e-04
blue_lotus	2	1.515e-04	1.515e-04
blue_orchid	2	1.515e-04	1.515e-04
blue_poppy	2	1.515e-04	1.515e-04
orange_daisy	2	1.515e-04	1.515e-04
white_lotus	2	1.515e-04	1.515e-04
yellow_foxglove	2	1.515e-04	1.515e-04
screen_name	27	1.486e-04	1.047e-04
test_request	2	1.477e-04	1.166e-04
environment_variable	1	1.449e-04	1.449e-04
pressure_level	1	1.449e-04	1.449e-04
stop_payment	1	1.449e-04	1.449e-04
multiple_access	2	1.439e-04	1.439e-04
sierra_leone	2	1.439e-04	1.439e-04
defensive_copy	5	1.428e-04	1.336e-04
ordered_field	5	1.425e-04	1.425e-04
personal_information	2	1.408e-04	1.408e-04
text_data	16	1.368e-04	1.021e-04
time_check	5	1.346e-04	1.212e-04
escape_sequence	4	1.344e-04	1.125e-04
special_character	4	1.340e-04	1.123e-04
domestic_dog	1	1.333e-04	1.333e-04
graph_matching	1	1.333e-04	1.333e-04
return_key	1	1.333e-04	1.333e-04
license_number	4	1.327e-04	1.293e-04
old_style	4	1.316e-04	1.282e-04
batch_process	3	1.316e-04	1.316e-04
request_message	14	1.308e-04	8.491e-05
instance_variable	3	1.293e-04	1.293e-04
service_area	3	1.293e-04	1.293e-04
source_address	3	1.293e-04	1.293e-04
status_group	3	1.293e-04	1.293e-04
confidence_interval	3	1.282e-04	1.282e-04
generic_property	3	1.282e-04	1.282e-04
notification_message	3	1.282e-04	1.282e-04
service_staff	4	1.282e-04	1.282e-04
source_nodes	3	1.282e-04	1.282e-04
truth_table	3	1.282e-04	1.282e-04
carriage_return	6	1.278e-04	1.186e-04
list_name	37	1.267e-04	1.267e-04
lock_type	4	1.261e-04	1.192e-04
syntax_error	6	1.241e-04	1.129e-04
calendar_month	4	1.231e-04	1.231e-04
object_graph	4	1.227e-04	1.227e-04
level_sets	2	1.214e-04	1.190e-04
mixed_case	13	1.199e-04	7.433e-05
level_set	1	1.190e-04	1.190e-04
static_class	1	1.190e-04	1.190e-04
facet_name	2	1.183e-04	1.183e-04
map_object	4	1.182e-04	1.113e-04
security_requirements	2	1.177e-04	8.580e-05
null_set	11	1.164e-04	7.337e-05
fail_fast	2	1.149e-04	1.149e-04
group_members	2	1.149e-04	1.149e-04
square_root	2	1.147e-04	1.124e-04
text_document	4	1.140e-04	1.140e-04
set_point	5	1.138e-04	7.207e-05
card_number	33	1.130e-04	1.130e-04
arrow_key	1	1.124e-04	1.124e-04
chosen_instrument	1	1.124e-04	1.124e-04
full_moon	1	1.124e-04	1.124e-04
hour_angle	1	1.124e-04	1.124e-04
instrument_type	1	1.124e-04	1.124e-04
moon_cycle	1	1.124e-04	1.124e-04
output_device	1	1.124e-04	1.124e-04
plus_minus	1	1.124e-04	1.124e-04
pop_out	1	1.124e-04	1.124e-04
track_down	1	1.124e-04	1.124e-04
user_selection	1	1.124e-04	1.124e-04
work_time	1	1.124e-04	1.124e-04
common_bean	4	1.123e-04	7.981e-05
service_components	1	1.111e-04	1.111e-04
vector_product	5	1.106e-04	1.106e-04
cpu_time	3	1.099e-04	1.099e-04
call_time	8	1.094e-04	1.048e-04
book_value	1	1.087e-04	1.087e-04
camera_shake	1	1.087e-04	1.087e-04
flood_fill	1	1.087e-04	1.087e-04
gravity_gun	1	1.087e-04	1.087e-04
ground_level	1	1.087e-04	1.087e-04
iron_ore	1	1.087e-04	1.087e-04
light_engine	1	1.087e-04	1.087e-04
operating_system	1	1.087e-04	1.087e-04
option_button	1	1.087e-04	1.087e-04
physics_gun	1	1.087e-04	1.087e-04
short_tag	1	1.087e-04	1.087e-04
status_bar	1	1.087e-04	1.087e-04
stick_time	1	1.087e-04	1.087e-04
survival_game	1	1.087e-04	1.087e-04
wood_block	1	1.087e-04	1.087e-04
search_range	4	1.078e-04	1.078e-04
character_set	4	1.046e-04	9.479e-05
out_of_bounds	16	1.021e-04	5.140e-05
first_aid	1	1.020e-04	1.020e-04
floating_point	10	1.002e-04	8.187e-05
disk_space	3	9.905e-05	9.441e-05
coupon_type	3	9.615e-05	9.615e-05
pay_off	3	9.615e-05	9.615e-05
edge_set	6	9.490e-05	8.589e-05
tcp_traffic	1	9.434e-05	9.434e-05
range_query	40	9.430e-05	9.430e-05
thin_client	5	9.276e-05	9.276e-05
agent_model	2	8.772e-05	8.772e-05
broadcast_channels	2	8.772e-05	8.772e-05
end_state	2	8.772e-05	8.772e-05
settlement_date	2	8.621e-05	8.621e-05
cascading_style_sheet	2	8.547e-05	8.547e-05
first_state	2	8.547e-05	8.547e-05
proxy_signature	2	8.547e-05	8.547e-05
symmetry_group	2	8.547e-05	8.547e-05
dead_code	36	8.487e-05	8.487e-05
shared_cache	3	8.375e-05	8.036e-05
given_name	2	8.300e-05	8.066e-05
issue_date	2	8.155e-05	7.817e-05
base_address	3	8.086e-05	8.086e-05
frame_buffer	3	8.086e-05	8.086e-05
push_out	3	8.086e-05	8.086e-05
system_tray	3	8.086e-05	8.086e-05
code_acquisition	1	8.065e-05	8.065e-05
fire_and_forget	2	8.032e-05	8.032e-05
ping_pong	2	8.032e-05	8.032e-05
slot_time	2	8.032e-05	8.032e-05
tag_end	5	7.814e-05	6.058e-05
action_status	1	7.813e-05	7.813e-05
linked_data	1	7.813e-05	7.813e-05
multiple_threads	4	7.797e-05	7.336e-05
data_link	13	7.759e-05	7.080e-05
blue_jasmine	1	7.576e-05	7.576e-05
lily_pad	1	7.576e-05	7.576e-05
tall_white	1	7.576e-05	7.576e-05
yellow_cypress	1	7.576e-05	7.576e-05
yellow_jasmine	1	7.576e-05	7.576e-05
job_scheduler	1	7.463e-05	7.463e-05
least_recently_used	1	7.463e-05	7.463e-05
push_time	1	7.463e-05	7.463e-05
trigger_type	1	7.463e-05	7.463e-05
running_time	12	7.430e-05	5.228e-05
link_type	23	7.343e-05	6.264e-05
data_object	3	7.328e-05	6.069e-05
blank_check	2	7.326e-05	7.326e-05
body_length	2	7.326e-05	7.326e-05
request_execution	2	7.326e-05	7.326e-05
roll_over	2	7.326e-05	7.326e-05
session_data	5	7.323e-05	6.986e-05
return_match	31	7.308e-05	7.308e-05
close_future	2	7.278e-05	7.044e-05
failed_state	1	7.246e-05	7.246e-05
content_key	3	7.229e-05	7.229e-05
linked_list	6	7.203e-05	5.988e-05
landing_page	1	7.194e-05	7.194e-05
date_offset	1	7.042e-05	7.042e-05
email_communication	1	7.042e-05	7.042e-05
backup_file	9	7.041e-05	5.622e-05
service_line	4	6.981e-05	6.981e-05
min_sum	1	6.944e-05	6.944e-05
real_matrix	1	6.944e-05	6.944e-05
hash_function	7	6.877e-05	5.807e-05
base_price	20	6.849e-05	6.849e-05
response_message	20	6.849e-05	6.849e-05
decimal_number	2	6.794e-05	6.457e-05
entity_status	2	6.794e-05	6.457e-05
release_date	6	6.761e-05	5.549e-05
backup_path	18	6.703e-05	4.807e-05
real_image	3	6.637e-05	6.637e-05
country_code	11	6.573e-05	4.633e-05
change_detection	1	6.452e-05	6.452e-05
close_parenthesis	1	6.452e-05	6.452e-05
dependency_relation	1	6.452e-05	6.452e-05
long_title	1	6.452e-05	6.452e-05
singleton_pattern	1	6.452e-05	6.452e-05
merchant_service	2	6.410e-05	6.410e-05
pascal_case	2	6.410e-05	6.410e-05
selling_point	2	6.410e-05	6.410e-05
show_time	2	6.410e-05	6.410e-05
case_sensitivity	2	6.260e-05	5.924e-05
real_time_application	1	6.211e-05	6.211e-05
call_event	2	6.154e-05	6.154e-05
character_sets	2	6.154e-05	6.154e-05
classification_methods	2	6.154e-05	6.154e-05
filename_extension	2	6.154e-05	6.154e-05
last_known_good	2	6.135e-05	6.135e-05
zero_vector	2	6.135e-05	6.135e-05
open_index	3	5.934e-05	5.701e-05
model_type	1	5.917e-05	5.917e-05
task_graph	1	5.917e-05	5.917e-05
disk_cache	25	5.893e-05	5.893e-05
compound_key	2	5.871e-05	4.407e-05
trigger_price	17	5.822e-05	5.822e-05
price_list	9	5.807e-05	4.092e-05
call_waiting	1	5.747e-05	5.747e-05
chat_room	1	5.747e-05	5.747e-05
text_to_speech	1	5.747e-05	5.747e-05
passage_retrieval	2	5.698e-05	5.698e-05
power_set	2	5.698e-05	5.698e-05
term_frequency	2	5.698e-05	5.698e-05
code_name	4	5.504e-05	4.861e-05
stock_list	2	5.418e-05	3.876e-05
account_manager	2	5.391e-05	5.391e-05
boat_paddle	2	5.391e-05	5.391e-05
bounce_out	2	5.391e-05	5.391e-05
cube_map	2	5.391e-05	5.391e-05
lawn_mower	2	5.391e-05	5.391e-05
rubber_band	2	5.391e-05	5.391e-05
community_service	3	5.236e-05	5.236e-05
delivery_date	15	5.137e-05	5.137e-05
edge_map	2	5.091e-05	4.435e-05
full_page	9	4.953e-05	3.585e-05
left_lateral	7	4.937e-05	4.937e-05
right_lateral	7	4.937e-05	4.937e-05
value_date	14	4.920e-05	3.566e-05
open_bracket	3	4.852e-05	4.288e-05
mount_point	14	4.795e-05	4.795e-05
tax_authority	14	4.795e-05	4.795e-05
product_variants	3	4.767e-05	4.435e-05
time_delay	2	4.721e-05	4.070e-05
time_value	2	4.721e-05	4.070e-05
boundary_values	20	4.715e-05	4.715e-05
write_out	2	4.546e-05	4.314e-05
binary_operator	2	4.509e-05	4.278e-05
edge_list	2	4.509e-05	4.278e-05
base_form	2	4.425e-05	4.425e-05
empty_product	2	4.425e-05	4.425e-05
return_current	2	4.425e-05	4.425e-05
cluster_set	3	4.416e-05	3.770e-05
core_lock	1	4.386e-05	4.386e-05
key_space	1	4.386e-05	4.386e-05
raw_data	1	4.386e-05	4.386e-05
vertical_line	1	4.386e-05	4.386e-05
wait_state	1	4.386e-05	4.386e-05
flow_variable	1	4.310e-05	4.310e-05
connected_component	1	4.274e-05	4.274e-05
data_points	1	4.274e-05	4.274e-05
depth_control	1	4.274e-05	4.274e-05
edge_point	1	4.274e-05	4.274e-05
error_out	1	4.274e-05	4.274e-05
free_state	1	4.274e-05	4.274e-05
get_down	1	4.274e-05	4.274e-05
matrix_inversion	1	4.274e-05	4.274e-05
perturbation_type	1	4.274e-05	4.274e-05
phase_space	1	4.274e-05	4.274e-05
radio_button	1	4.274e-05	4.274e-05
simple_connectivity	1	4.274e-05	4.274e-05
stability_condition	1	4.274e-05	4.274e-05
state_pattern	1	4.274e-05	4.274e-05
target_state	1	4.274e-05	4.274e-05
tool_path	1	4.274e-05	4.274e-05
vertex_set	1	4.274e-05	4.274e-05
line_segment	6	4.231e-05	4.231e-05
open_primary	6	4.231e-05	4.231e-05
range_out	6	4.231e-05	4.231e-05
party_role	12	4.110e-05	4.110e-05
product_type	12	4.110e-05	4.110e-05
upper_limit	4	4.026e-05	2.960e-05
negative_zero	5	4.020e-05	3.209e-05
application_domain	1	4.016e-05	4.016e-05
basic_timing	1	4.016e-05	4.016e-05
border_collie	1	4.016e-05	4.016e-05
busy_loop	1	4.016e-05	4.016e-05
cache_management	1	4.016e-05	4.016e-05
double_bind	1	4.016e-05	4.016e-05
forward_reference	1	4.016e-05	4.016e-05
network_interface	1	4.016e-05	4.016e-05
parallel_executions	1	4.016e-05	4.016e-05
single_action	1	4.016e-05	4.016e-05
step_over	1	4.016e-05	4.016e-05
time_trace	1	4.016e-05	4.016e-05
time_rate	5	4.010e-05	3.200e-05
rate_limiting	2	3.899e-05	3.668e-05
primary_path	6	3.874e-05	2.931e-05
query_results	5	3.792e-05	2.992e-05
abstract_type	2	3.782e-05	3.150e-05
cross_type	16	3.772e-05	3.772e-05
function_call	14	3.770e-05	3.138e-05
party_relationship	11	3.767e-05	3.767e-05
payment_type	11	3.767e-05	3.767e-05
price_type	11	3.767e-05	3.767e-05
purchase_order	11	3.767e-05	3.767e-05
factory_second	2	3.711e-05	3.711e-05
static_environment	2	3.711e-05	3.711e-05
test_site	2	3.711e-05	3.711e-05
web_logs	2	3.711e-05	3.711e-05
block_system	1	3.663e-05	3.663e-05
cloud_data	1	3.663e-05	3.663e-05
current_ratio	1	3.663e-05	3.663e-05
current_unit	1	3.663e-05	3.663e-05
default_event	1	3.663e-05	3.663e-05
live_time	1	3.663e-05	3.663e-05
remote_environment	1	3.663e-05	3.663e-05
second_base	1	3.663e-05	3.663e-05
simple_machine	1	3.663e-05	3.663e-05
switch_off	1	3.663e-05	3.663e-05
type_collection	1	3.663e-05	3.663e-05
end_line	4	3.556e-05	2.929e-05
lower_limit	2	3.554e-05	2.928e-05
account_type	10	3.425e-05	3.425e-05
fixed_asset	10	3.425e-05	3.425e-05
composite_type	2	3.419e-05	3.092e-05
skip_list	3	3.320e-05	2.883e-05
binary_file	8	3.252e-05	2.006e-05
code_page	1	3.205e-05	3.205e-05
mobile_phones	1	3.205e-05	3.205e-05
simple_time	1	3.205e-05	3.205e-05
title_case	1	3.205e-05	3.205e-05
conversion_factor	3	3.167e-05	2.732e-05
reserved_word	2	3.085e-05	2.856e-05
fixed_set	9	3.082e-05	3.082e-05
lookup_table	1	3.077e-05	3.077e-05
order_tree	1	3.077e-05	3.077e-05
scale_height	1	3.077e-05	3.077e-05
shallow_copy	1	3.077e-05	3.077e-05
triple_test	1	3.077e-05	3.077e-05
container_port	1	3.067e-05	3.067e-05
escape_hatch	1	3.067e-05	3.067e-05
knowledge_graph_embedding	1	3.067e-05	3.067e-05
observed_value	1	3.067e-05	3.067e-05
qualified_property	1	3.067e-05	3.067e-05
snake_case	1	3.067e-05	3.067e-05
source_text	1	3.067e-05	3.067e-05
multiple_paths	2	2.931e-05	2.703e-05
arithmetic_mean	1	2.849e-05	2.849e-05
bag_of_words	1	2.849e-05	2.849e-05
case_ending	1	2.849e-05	2.849e-05
document_frequency	1	2.849e-05	2.849e-05
free_port	1	2.849e-05	2.849e-05
generic_element	1	2.849e-05	2.849e-05
hash_functions	1	2.849e-05	2.849e-05
identity_document	1	2.849e-05	2.849e-05
parse_tree	1	2.849e-05	2.849e-05
past_tense	1	2.849e-05	2.849e-05
read_length	1	2.849e-05	2.849e-05
relevance_feedback	1	2.849e-05	2.849e-05
score_string	1	2.849e-05	2.849e-05
text_feature	1	2.849e-05	2.849e-05
vowel_harmony	1	2.849e-05	2.849e-05
byte_order	12	2.829e-05	2.829e-05
materialized_view	4	2.821e-05	2.821e-05
shift_jis	4	2.821e-05	2.821e-05
time_scale	4	2.821e-05	2.821e-05
unix_time	4	2.821e-05	2.821e-05
account_code	8	2.740e-05	2.740e-05
adjustment_type	8	2.740e-05	2.740e-05
email_type	8	2.740e-05	2.740e-05
party_name	8	2.740e-05	2.740e-05
weight_unit	8	2.740e-05	2.740e-05
amount_ref	1	2.695e-05	2.695e-05
back_out	1	2.695e-05	2.695e-05
city_block	1	2.695e-05	2.695e-05
color_interpolation	1	2.695e-05	2.695e-05
delta_time	1	2.695e-05	2.695e-05
fade_to_black	1	2.695e-05	2.695e-05
fixed_rate	1	2.695e-05	2.695e-05
frame_time	1	2.695e-05	2.695e-05
get_off	1	2.695e-05	2.695e-05
horizontal_plane	1	2.695e-05	2.695e-05
media_player	1	2.695e-05	2.695e-05
mouse_button	1	2.695e-05	2.695e-05
note_value	1	2.695e-05	2.695e-05
quad_out	1	2.695e-05	2.695e-05
relative_pitch	1	2.695e-05	2.695e-05
roman_numeral	1	2.695e-05	2.695e-05
scale_value	1	2.695e-05	2.695e-05
set_off	1	2.695e-05	2.695e-05
sound_system	1	2.695e-05	2.695e-05
splash_screen	1	2.695e-05	2.695e-05
step_event	1	2.695e-05	2.695e-05
third_person	1	2.695e-05	2.695e-05
true_color	1	2.695e-05	2.695e-05
named_parameter	11	2.593e-05	2.593e-05
security_system	11	2.593e-05	2.593e-05
set_over	5	2.587e-05	2.163e-05
data_path	2	2.561e-05	1.978e-05
line_feed	9	2.442e-05	1.740e-05
bridge_route	1	2.410e-05	2.410e-05
data_grid	1	2.410e-05	2.410e-05
function_key	1	2.410e-05	2.410e-05
member_field	1	2.410e-05	2.410e-05
missing_time	1	2.410e-05	2.410e-05
user_context	1	2.410e-05	2.410e-05
service_resource	7	2.397e-05	2.397e-05
time_period	7	2.397e-05	2.397e-05
template_method	10	2.357e-05	2.357e-05
double_quotes	9	2.228e-05	1.913e-05
delivery_method	1	2.212e-05	2.212e-05
operation_code	1	2.212e-05	2.212e-05
product_combination	1	2.212e-05	2.212e-05
map_out	2	2.198e-05	1.883e-05
test_pattern	9	2.122e-05	2.122e-05
triple_equals	9	2.122e-05	2.122e-05
tab_control	3	2.116e-05	2.116e-05
null_prefix	2	2.091e-05	1.868e-05
calendar_week	6	2.055e-05	2.055e-05
card_security_code	6	2.055e-05	2.055e-05
long_integer	8	1.886e-05	1.886e-05
long_long	8	1.886e-05	1.886e-05
selectivity_estimation	8	1.886e-05	1.886e-05
ordered_set	4	1.882e-05	1.483e-05
cluster_variable	1	1.855e-05	1.855e-05
failed_nodes	1	1.855e-05	1.855e-05
internet_address	1	1.855e-05	1.855e-05
key_management	1	1.855e-05	1.855e-05
name_change	1	1.855e-05	1.855e-05
set_design	1	1.855e-05	1.855e-05
split_key	1	1.855e-05	1.855e-05
stub_value	1	1.855e-05	1.855e-05
component_repository	1	1.745e-05	1.745e-05
feedback_controller	1	1.745e-05	1.745e-05
medical_history	1	1.745e-05	1.745e-05
mobile_client	1	1.745e-05	1.745e-05
place_name	1	1.745e-05	1.745e-05
customer_billing	5	1.712e-05	1.712e-05
party_relationship_type	5	1.712e-05	1.712e-05
purchase_price	5	1.712e-05	1.712e-05
request_confirmation	5	1.712e-05	1.712e-05
sales_order	5	1.712e-05	1.712e-05
left_field	6	1.521e-05	1.224e-05
right_field	6	1.521e-05	1.224e-05
tree_map	6	1.521e-05	1.224e-05
binary_search	6	1.414e-05	1.414e-05
put_over	6	1.414e-05	1.414e-05
relative_error	6	1.414e-05	1.414e-05
bit_shift	2	1.410e-05	1.410e-05
control_system	2	1.410e-05	1.410e-05
data_mining	2	1.410e-05	1.410e-05
attachment_name	4	1.370e-05	1.370e-05
change_order	4	1.370e-05	1.370e-05
code_length	4	1.370e-05	1.370e-05
decimal_point	4	1.370e-05	1.370e-05
discount_rate	4	1.370e-05	1.370e-05
exchange_rate	4	1.370e-05	1.370e-05
payment_ref	4	1.370e-05	1.370e-05
sales_tax	4	1.370e-05	1.370e-05
security_group	4	1.370e-05	1.370e-05
unit_of_measurement	4	1.370e-05	1.370e-05
work_order	4	1.370e-05	1.370e-05
database_engine	5	1.179e-05	1.179e-05
return_path	5	1.179e-05	1.179e-05
seed_phrase	5	1.179e-05	1.179e-05
surrogate_pair	5	1.179e-05	1.179e-05
data_store	2	1.048e-05	7.809e-06
average_cost	3	1.027e-05	1.027e-05
city_state	3	1.027e-05	1.027e-05
comparison_operator	3	1.027e-05	1.027e-05
contact_number	3	1.027e-05	1.027e-05
content_management	3	1.027e-05	1.027e-05
conversion_rate	3	1.027e-05	1.027e-05
credit_account	3	1.027e-05	1.027e-05
domain_name	3	1.027e-05	1.027e-05
high_price	3	1.027e-05	1.027e-05
low_price	3	1.027e-05	1.027e-05
out_of_stock	3	1.027e-05	1.027e-05
payment_date	3	1.027e-05	1.027e-05
reason_code	3	1.027e-05	1.027e-05
time_limit	3	1.027e-05	1.027e-05
absolute_value	4	9.430e-06	9.430e-06
catch_out	4	9.430e-06	9.430e-06
drill_down	4	9.430e-06	9.430e-06
first_class	4	9.430e-06	9.430e-06
high_surrogate	4	9.430e-06	9.430e-06
network_socket	4	9.430e-06	9.430e-06
standard_deviation	4	9.430e-06	9.430e-06
earth_radius	2	9.410e-06	7.413e-06
close_order	3	7.072e-06	7.072e-06
closed_file	3	7.072e-06	7.072e-06
cross_product	3	7.072e-06	7.072e-06
list_system	3	7.072e-06	7.072e-06
range_estimation	3	7.072e-06	7.072e-06
role_hierarchy	3	7.072e-06	7.072e-06
side_effect	3	7.072e-06	7.072e-06
singleton_set	3	7.072e-06	7.072e-06
stale_read	3	7.072e-06	7.072e-06
test_depth	3	7.072e-06	7.072e-06
binomial_test	1	7.052e-06	7.052e-06
box_out	1	7.052e-06	7.052e-06
cash_out	1	7.052e-06	7.052e-06
clock_time	1	7.052e-06	7.052e-06
cross_tab	1	7.052e-06	7.052e-06
field_event	1	7.052e-06	7.052e-06
get_over	1	7.052e-06	7.052e-06
line_out	1	7.052e-06	7.052e-06
load_balancing_strategy	1	7.052e-06	7.052e-06
recycle_bin	1	7.052e-06	7.052e-06
ring_out	1	7.052e-06	7.052e-06
set_phrase	1	7.052e-06	7.052e-06
time_series	1	7.052e-06	7.052e-06
zip_disk	1	7.052e-06	7.052e-06
cancel_text	2	6.849e-06	6.849e-06
card_capture	2	6.849e-06	6.849e-06
close_quote	2	6.849e-06	6.849e-06
cost_center	2	6.849e-06	6.849e-06
encrypt_method	2	6.849e-06	6.849e-06
entry_date	2	6.849e-06	6.849e-06
form_class	2	6.849e-06	6.849e-06
full_search	2	6.849e-06	6.849e-06
get_even	2	6.849e-06	6.849e-06
identification_number	2	6.849e-06	6.849e-06
input_method	2	6.849e-06	6.849e-06
number_of_orders	2	6.849e-06	6.849e-06
open_quote	2	6.849e-06	6.849e-06
package_type	2	6.849e-06	6.849e-06
total_running_time	2	6.849e-06	6.849e-06
user_preferences	2	6.849e-06	6.849e-06
data_model	2	5.782e-06	4.138e-06
status_value	2	5.782e-06	4.138e-06
time_test	2	5.782e-06	4.138e-06
base_level	2	4.715e-06	4.715e-06
begin_string	2	4.715e-06	4.715e-06
body_plan	2	4.715e-06	4.715e-06
cache_memory	2	4.715e-06	4.715e-06
copy_test	2	4.715e-06	4.715e-06
dead_set	2	4.715e-06	4.715e-06
directed_edge	2	4.715e-06	4.715e-06
entity_owner	2	4.715e-06	4.715e-06
first_flush	2	4.715e-06	4.715e-06
form_feed	2	4.715e-06	4.715e-06
growth_rate	2	4.715e-06	4.715e-06
hash_algorithm	2	4.715e-06	4.715e-06
kitchen_sink	2	4.715e-06	4.715e-06
list_sequence	2	4.715e-06	4.715e-06
map_projection	2	4.715e-06	4.715e-06
null_character	2	4.715e-06	4.715e-06
object_oriented	2	4.715e-06	4.715e-06
old_age	2	4.715e-06	4.715e-06
open_parenthesis	2	4.715e-06	4.715e-06
second_class	2	4.715e-06	4.715e-06
short_cross	2	4.715e-06	4.715e-06
streaming_service	2	4.715e-06	4.715e-06
time_interval	2	4.715e-06	4.715e-06
unit_record	2	4.715e-06	4.715e-06
user_interface	2	4.715e-06	4.715e-06
zero_out	2	4.715e-06	4.715e-06
calendar_day	1	3.425e-06	3.425e-06
call_graph	1	3.425e-06	3.425e-06
certified_check	1	3.425e-06	3.425e-06
child_category	1	3.425e-06	3.425e-06
close_bracket	1	3.425e-06	3.425e-06
code_set	1	3.425e-06	3.425e-06
debit_account	1	3.425e-06	3.425e-06
delivery_type	1	3.425e-06	3.425e-06
dollar_sign	1	3.425e-06	3.425e-06
drop_off	1	3.425e-06	3.425e-06
event_status	1	3.425e-06	3.425e-06
expense_account	1	3.425e-06	3.425e-06
facility_summary	1	3.425e-06	3.425e-06
first_party	1	3.425e-06	3.425e-06
fixed_cost	1	3.425e-06	3.425e-06
fixed_point	1	3.425e-06	3.425e-06
flat_tax	1	3.425e-06	3.425e-06
found_object	1	3.425e-06	3.425e-06
general_ledger	1	3.425e-06	3.425e-06
header_file	1	3.425e-06	3.425e-06
identification_map	1	3.425e-06	3.425e-06
interrupt_request	1	3.425e-06	3.425e-06
keep_going	1	3.425e-06	3.425e-06
lead_time	1	3.425e-06	3.425e-06
map_collection	1	3.425e-06	3.425e-06
modal_parameters	1	3.425e-06	3.425e-06
open_date	1	3.425e-06	3.425e-06
open_field	1	3.425e-06	3.425e-06
open_source	1	3.425e-06	3.425e-06
order_percent	1	3.425e-06	3.425e-06
payment_reference	1	3.425e-06	3.425e-06
percentage_rate	1	3.425e-06	3.425e-06
personal_check	1	3.425e-06	3.425e-06
print_server	1	3.425e-06	3.425e-06
quote_type	1	3.425e-06	3.425e-06
related_party	1	3.425e-06	3.425e-06
role_assignment	1	3.425e-06	3.425e-06
second_person	1	3.425e-06	3.425e-06
semi_colon	1	3.425e-06	3.425e-06
service_execution	1	3.425e-06	3.425e-06
standard_product	1	3.425e-06	3.425e-06
tab_order	1	3.425e-06	3.425e-06
tab_page	1	3.425e-06	3.425e-06
target_control	1	3.425e-06	3.425e-06
tax_return	1	3.425e-06	3.425e-06
time_element	1	3.425e-06	3.425e-06
transfer_test	1	3.425e-06	3.425e-06
unit_element	1	3.425e-06	3.425e-06
unit_quantity	1	3.425e-06	3.425e-06
user_sessions	1	3.425e-06	3.425e-06
value_added	1	3.425e-06	3.425e-06
variable_cost	1	3.425e-06	3.425e-06
access_test	1	2.357e-06	2.357e-06
base_memory	1	2.357e-06	2.357e-06
binary_function	1	2.357e-06	2.357e-06
cancel_out	1	2.357e-06	2.357e-06
candidate_key	1	2.357e-06	2.357e-06
class_labels	1	2.357e-06	2.357e-06
closed_set	1	2.357e-06	2.357e-06
common_elements	1	2.357e-06	2.357e-06
common_factor	1	2.357e-06	2.357e-06
cross_join	1	2.357e-06	2.357e-06
date_time_list	1	2.357e-06	2.357e-06
diamond_graph	1	2.357e-06	2.357e-06
disk_file	1	2.357e-06	2.357e-06
disk_image	1	2.357e-06	2.357e-06
distance_function	1	2.357e-06	2.357e-06
double_cross	1	2.357e-06	2.357e-06
double_number	1	2.357e-06	2.357e-06
edge_features	1	2.357e-06	2.357e-06
empty_base	1	2.357e-06	2.357e-06
flat_file	1	2.357e-06	2.357e-06
format_conversion	1	2.357e-06	2.357e-06
forward_slash	1	2.357e-06	2.357e-06
full_count	1	2.357e-06	2.357e-06
full_stack	1	2.357e-06	2.357e-06
high_bit	1	2.357e-06	2.357e-06
index_case	1	2.357e-06	2.357e-06
infinite_loop	1	2.357e-06	2.357e-06
inside_loop	1	2.357e-06	2.357e-06
leap_day	1	2.357e-06	2.357e-06
least_significant_bit	1	2.357e-06	2.357e-06
load_bearing	1	2.357e-06	2.357e-06
make_position	1	2.357e-06	2.357e-06
marker_interface	1	2.357e-06	2.357e-06
match_type	1	2.357e-06	2.357e-06
memory_allocation	1	2.357e-06	2.357e-06
memory_leak	1	2.357e-06	2.357e-06
middle_class	1	2.357e-06	2.357e-06
mode_decision	1	2.357e-06	2.357e-06
multiple_inheritance	1	2.357e-06	2.357e-06
musical_artist	1	2.357e-06	2.357e-06
normal_mode	1	2.357e-06	2.357e-06
open_system	1	2.357e-06	2.357e-06
production_order	1	2.357e-06	2.357e-06
public_property	1	2.357e-06	2.357e-06
query_execution	1	2.357e-06	2.357e-06
range_size	1	2.357e-06	2.357e-06
read_operation	1	2.357e-06	2.357e-06
real_storage	1	2.357e-06	2.357e-06
regular_function	1	2.357e-06	2.357e-06
reverse_link	1	2.357e-06	2.357e-06
reverse_video	1	2.357e-06	2.357e-06
right_hand	1	2.357e-06	2.357e-06
right_shift	1	2.357e-06	2.357e-06
root_system	1	2.357e-06	2.357e-06
scalar_field	1	2.357e-06	2.357e-06
second_line	1	2.357e-06	2.357e-06
second_row	1	2.357e-06	2.357e-06
second_string	1	2.357e-06	2.357e-06
sequence_reset	1	2.357e-06	2.357e-06
session_cookie	1	2.357e-06	2.357e-06
simple_function	1	2.357e-06	2.357e-06
single_out	1	2.357e-06	2.357e-06
single_prop	1	2.357e-06	2.357e-06
small_change	1	2.357e-06	2.357e-06
source_document	1	2.357e-06	2.357e-06
steady_state	1	2.357e-06	2.357e-06
test_vectors	1	2.357e-06	2.357e-06
third_string	1	2.357e-06	2.357e-06
trace_element	1	2.357e-06	2.357e-06
transaction_record	1	2.357e-06	2.357e-06
true_bug	1	2.357e-06	2.357e-06
two_set	1	2.357e-06	2.357e-06
uniform_distribution	1	2.357e-06	2.357e-06
wall_clock	1	2.357e-06	2.357e-06
while_loop	1	2.357e-06	2.357e-06
