# arXiv's subject taxonomy as a functional taxonomy of research: ten groups, the archives
# inside them and the categories inside those, each category carrying the description arXiv
# states its subject matter in. Like every functional taxonomy here it is a distribution to
# compare against and not a vocabulary to match — nobody writes cs.CL in code, and nobody
# writes Computation and Language either. What a scope is compared on is the description:
# cs.IR covers indexing, dictionaries, retrieval, content and analysis, and a repository
# about those things reads like that sentence whether or not it ever quotes a word of it.
#
# Columns: concept, prefLabel, altLabel, broader, kind, module, definition, note.
# broader is the archive a category is stated inside, the group an archive is stated inside,
# and empty for a group; module is the group a concept rolls up to. altLabel is the alias
# arXiv publishes beside a name — cs.CL is also cmp-lg, math.IT is also cs.IT — which is the
# publisher stating synonymy rather than anyone grouping by hand. A group, archive or
# category arXiv does not state as live is not carried, and neither is the group it marks as
# a test.
#
# Source: arXiv's own taxonomy definitions, the module its software classifies by, read from
#   https://raw.githubusercontent.com/arxiv/arxiv-base/a5985f621b07a4031c9e9b4f870a2206a9aa15a7/arxiv/taxonomy/definitions.py.
# Licence: MIT, Copyright (c) 2026 arXiv, Inc.
#   (https://github.com/arxiv/arxiv-base/blob/develop/LICENSE). The identifiers, names and
#   subject descriptions are arXiv's statement of its own classification, read from the
#   software that applies it — the same ground on which this library reads a query engine's
#   function catalogue out of the engine.
# Generated by ArxivTaxonomyExtraction: 174 concepts.
astro-ph	Astrophysics		grp_physics	archive	grp_physics		
astro-ph.CO	Cosmology and Nongalactic Astrophysics		astro-ph	category	grp_physics	Phenomenology of early universe, cosmic microwave background, cosmological parameters, primordial element abundances, extragalactic distance scale, large-scale structure of the universe. Groups, superclusters, voids, intergalactic medium. Particle astrophysics: dark energy, dark matter, baryogenesis, leptogenesis, inflationary models, reheating, monopoles, WIMPs, cosmic strings, primordial black holes, cosmological gravitational radiation	
astro-ph.EP	Earth and Planetary Astrophysics		astro-ph	category	grp_physics	Interplanetary medium, planetary physics, planetary astrobiology, extrasolar planets, comets, asteroids, meteorites. Structure and formation of the solar system	
astro-ph.GA	Astrophysics of Galaxies		astro-ph	category	grp_physics	Phenomena pertaining to galaxies or the Milky Way. Star clusters, HII regions and planetary nebulae, the interstellar medium, atomic and molecular clouds, dust. Stellar populations. Galactic structure, formation, dynamics. Galactic nuclei, bulges, disks, halo. Active Galactic Nuclei, supermassive black holes, quasars. Gravitational lens systems. The Milky Way and its contents	
astro-ph.HE	High Energy Astrophysical Phenomena		astro-ph	category	grp_physics	Cosmic ray production, acceleration, propagation, detection. Gamma ray astronomy and bursts, X-rays, charged particles, supernovae and other explosive phenomena, stellar remnants and accretion systems, jets, microquasars, neutron stars, pulsars, black holes	
astro-ph.IM	Instrumentation and Methods for Astrophysics		astro-ph	category	grp_physics	Detector and telescope design, experiment proposals. Laboratory Astrophysics. Methods for data analysis, statistical methods. Software, database design	
astro-ph.SR	Solar and Stellar Astrophysics		astro-ph	category	grp_physics	White dwarfs, brown dwarfs, cataclysmic variables. Star formation and protostellar systems, stellar astrobiology, binary and multiple systems of stars, stellar evolution and structure, coronas. Central stars of planetary nebulae. Helioseismology, solar neutrinos, production and detection of gravitational radiation from stellar systems	
cond-mat	Condensed Matter		grp_physics	archive	grp_physics		
cond-mat.dis-nn	Disordered Systems and Neural Networks		cond-mat	category	grp_physics	Glasses and spin glasses; properties of random, aperiodic and quasiperiodic systems; transport in disordered media; localization; phenomena mediated by defects and disorder; neural networks	
cond-mat.mes-hall	Mesoscale and Nanoscale Physics		cond-mat	category	grp_physics	Semiconducting nanostructures: quantum dots, wires, and wells. Single electronics, spintronics, 2d electron gases, quantum Hall effect, nanotubes, graphene, plasmonic nanostructures	
cond-mat.mtrl-sci	Materials Science	mtrl-th	cond-mat	category	grp_physics	Techniques, synthesis, characterization, structure.  Structural phase transitions, mechanical properties, phonons. Defects, adsorbates, interfaces	
cond-mat.other	Other Condensed Matter		cond-mat	category	grp_physics	Work in condensed matter that does not fit into the other cond-mat classifications	
cond-mat.quant-gas	Quantum Gases		cond-mat	category	grp_physics	Ultracold atomic and molecular gases, Bose-Einstein condensation, Feshbach resonances, spinor condensates, optical lattices, quantum simulation with cold atoms and molecules, macroscopic interference phenomena	
cond-mat.soft	Soft Condensed Matter		cond-mat	category	grp_physics	Membranes, polymers, liquid crystals, glasses, colloids, granular matter	
cond-mat.stat-mech	Statistical Mechanics		cond-mat	category	grp_physics	Phase transitions, thermodynamics, field theory, non-equilibrium phenomena, renormalization group and scaling, integrable models, turbulence	
cond-mat.str-el	Strongly Correlated Electrons		cond-mat	category	grp_physics	Quantum magnetism, non-Fermi liquids, spin liquids, quantum criticality, charge density waves, metal-insulator transitions	
cond-mat.supr-con	Superconductivity	supr-con	cond-mat	category	grp_physics	Superconductivity: theory, models, experiment.  Superflow in helium	
cs	Computer Science		grp_cs	archive	grp_cs		
cs.AI	Artificial Intelligence		cs	category	grp_cs	Covers all areas of AI except Vision, Robotics, Machine Learning, Multiagent Systems, and Computation and Language (Natural Language Processing), which have separate subject areas. In particular, includes Expert Systems, Theorem Proving (although this may overlap with Logic in Computer Science), Knowledge Representation, Planning, and Uncertainty in AI. Roughly includes material in ACM Subject Classes I.2.0, I.2.1, I.2.3, I.2.4, I.2.8, and I.2.11.	
cs.AR	Hardware Architecture		cs	category	grp_cs	Covers systems organization and hardware architecture. Roughly includes material in ACM Subject Classes C.0, C.1, and C.5.	
cs.CC	Computational Complexity		cs	category	grp_cs	Covers models of computation, complexity classes, structural complexity, complexity tradeoffs, upper and lower bounds. Roughly includes material in ACM Subject Classes F.1 (computation by abstract devices), F.2.3 (tradeoffs among complexity measures), and F.4.3 (formal languages), although some material in formal languages may be more appropriate for Logic in Computer Science. Some material in F.2.1 and F.2.2, may also be appropriate here, but is more likely to have Data Structures and Algorithms as the primary subject area.	
cs.CE	Computational Engineering, Finance, and Science		cs	category	grp_cs	Covers applications of computer science to the mathematical modeling of complex systems in the fields of science, engineering, and finance. Papers here are interdisciplinary and applications-oriented, focusing on techniques and tools that enable challenging computational simulations to be performed, for which the use of supercomputers or distributed computing platforms is often required. Includes material in ACM Subject Classes J.2, J.3, and J.4 (economics).	
cs.CG	Computational Geometry		cs	category	grp_cs	Roughly includes material in ACM Subject Classes I.3.5 and F.2.2.	
cs.CL	Computation and Language	cmp-lg	cs	category	grp_cs	Covers natural language processing. Roughly includes material in ACM Subject Class I.2.7. Note that work on artificial languages (programming languages, logics, formal systems) that does not explicitly address natural-language issues broadly construed (natural-language processing, computational linguistics, speech, text retrieval, etc.) is not appropriate for this area.	
cs.CR	Cryptography and Security		cs	category	grp_cs	Covers all areas of cryptography and security including authentication, public key cryptosytems, proof-carrying code, etc. Roughly includes material in ACM Subject Classes D.4.6 and E.3.	
cs.CV	Computer Vision and Pattern Recognition		cs	category	grp_cs	Covers image processing, computer vision, pattern recognition, and scene understanding. Roughly includes material in ACM Subject Classes I.2.10, I.4, and I.5.	
cs.CY	Computers and Society		cs	category	grp_cs	Covers impact of computers on society, computer ethics, information technology and public policy, legal aspects of computing, computers and education. Roughly includes material in ACM Subject Classes K.0, K.2, K.3, K.4, K.5, and K.7.	
cs.DB	Databases		cs	category	grp_cs	Covers database management, datamining, and data processing. Roughly includes material in ACM Subject Classes E.2, E.5, H.0, H.2, and J.1.	
cs.DC	Distributed, Parallel, and Cluster Computing		cs	category	grp_cs	Covers fault-tolerance, distributed algorithms, stabilility, parallel computation, and cluster computing. Roughly includes material in ACM Subject Classes C.1.2, C.1.4, C.2.4, D.1.3, D.4.5, D.4.7, E.1.	
cs.DL	Digital Libraries		cs	category	grp_cs	Covers all aspects of the digital library design and document and text creation. Note that there will be some overlap with Information Retrieval (which is a separate subject area). Roughly includes material in ACM Subject Classes H.3.5, H.3.6, H.3.7, I.7.	
cs.DM	Discrete Mathematics		cs	category	grp_cs	Covers combinatorics, graph theory, applications of probability. Roughly includes material in ACM Subject Classes G.2 and G.3.	
cs.DS	Data Structures and Algorithms		cs	category	grp_cs	Covers data structures and analysis of algorithms. Roughly includes material in ACM Subject Classes E.1, E.2, F.2.1, and F.2.2.	
cs.ET	Emerging Technologies		cs	category	grp_cs	Covers approaches to information processing (computing, communication, sensing) and bio-chemical analysis based on alternatives to silicon CMOS-based technologies, such as nanoscale electronic, photonic, spin-based, superconducting, mechanical, bio-chemical and quantum technologies (this list is not exclusive). Topics of interest include (1) building blocks for emerging technologies, their scalability and adoption in larger systems, including integration with traditional technologies, (2) modeling, design and optimization of novel devices and systems, (3) models of computation, algorithm design and programming for emerging technologies.	
cs.FL	Formal Languages and Automata Theory		cs	category	grp_cs	Covers automata theory, formal language theory, grammars, and combinatorics on words. This roughly corresponds to ACM Subject Classes F.1.1, and F.4.3. Papers dealing with computational complexity should go to cs.CC; papers dealing with logic should go to cs.LO.	
cs.GL	General Literature		cs	category	grp_cs	Covers introductory material, survey material, predictions of future trends, biographies, and miscellaneous computer-science related material. Roughly includes all of ACM Subject Class A, except it does not include conference proceedings (which will be listed in the appropriate subject area).	
cs.GR	Graphics		cs	category	grp_cs	Covers all aspects of computer graphics. Roughly includes material in all of ACM Subject Class I.3, except that I.3.5 is is likely to have Computational Geometry as the primary subject area.	
cs.GT	Computer Science and Game Theory		cs	category	grp_cs	Covers all theoretical and applied aspects at the intersection of computer science and game theory, including work in mechanism design, learning in games (which may overlap with Learning), foundations of agent modeling in games (which may overlap with Multiagent systems), coordination, specification and formal methods for non-cooperative computational environments. The area also deals with applications of game theory to areas such as electronic commerce.	
cs.HC	Human-Computer Interaction		cs	category	grp_cs	Covers human factors, user interfaces, and collaborative computing. Roughly includes material in ACM Subject Classes H.1.2 and all of H.5, except for H.5.1, which is more likely to have Multimedia as the primary subject area.	
cs.IR	Information Retrieval		cs	category	grp_cs	Covers indexing, dictionaries, retrieval, content and analysis. Roughly includes material in ACM Subject Classes H.3.0, H.3.1, H.3.2, H.3.3, and H.3.4.	
cs.IT	Information Theory	math.IT	cs	category	grp_cs	Covers theoretical and experimental aspects of information theory and coding. Includes material in ACM Subject Class E.4 and intersects with H.1.1.	
cs.LG	Machine Learning		cs	category	grp_cs	Papers on all aspects of machine learning research (supervised, unsupervised, reinforcement learning, bandit problems, and so on) including also robustness, explanation, fairness, and methodology. cs.LG is also an appropriate primary category for applications of machine learning methods.	
cs.LO	Logic in Computer Science		cs	category	grp_cs	Covers all aspects of logic in computer science, including finite model theory, logics of programs, modal logic, and program verification. Programming language semantics should have Programming Languages as the primary subject area. Roughly includes material in ACM Subject Classes D.2.4, F.3.1, F.4.0, F.4.1, and F.4.2; some material in F.4.3 (formal languages) may also be appropriate here, although Computational Complexity is typically the more appropriate subject area.	
cs.MA	Multiagent Systems		cs	category	grp_cs	Covers multiagent systems, distributed artificial intelligence, intelligent agents, coordinated interactions. and practical applications. Roughly covers ACM Subject Class I.2.11.	
cs.MM	Multimedia		cs	category	grp_cs	Roughly includes material in ACM Subject Class H.5.1.	
cs.MS	Mathematical Software		cs	category	grp_cs	Roughly includes material in ACM Subject Class G.4.	
cs.NA	Numerical Analysis	math.NA	cs	category	grp_cs	cs.NA is an alias for math.NA. Roughly includes material in ACM Subject Class G.1.	
cs.NE	Neural and Evolutionary Computing		cs	category	grp_cs	Covers neural networks, connectionism, genetic algorithms, artificial life, adaptive behavior. Roughly includes some material in ACM Subject Class C.1.3, I.2.6, I.5.	
cs.NI	Networking and Internet Architecture		cs	category	grp_cs	Covers all aspects of computer communication networks, including network architecture and design, network protocols, and internetwork standards (like TCP/IP). Also includes topics, such as web caching, that are directly relevant to Internet architecture and performance. Roughly includes all of ACM Subject Class C.2 except C.2.4, which is more likely to have Distributed, Parallel, and Cluster Computing as the primary subject area.	
cs.OH	Other Computer Science		cs	category	grp_cs	This is the classification to use for documents that do not fit anywhere else.	
cs.OS	Operating Systems		cs	category	grp_cs	Roughly includes material in ACM Subject Classes D.4.1, D.4.2., D.4.3, D.4.4, D.4.5, D.4.7, and D.4.9.	
cs.PF	Performance		cs	category	grp_cs	Covers performance measurement and evaluation, queueing, and simulation. Roughly includes material in ACM Subject Classes D.4.8 and K.6.2.	
cs.PL	Programming Languages		cs	category	grp_cs	Covers programming language semantics, language features, programming approaches (such as object-oriented programming, functional programming, logic programming). Also includes material on compilers oriented towards programming languages; other material on compilers may be more appropriate in Architecture (AR). Roughly includes material in ACM Subject Classes D.1 and D.3.	
cs.RO	Robotics		cs	category	grp_cs	Roughly includes material in ACM Subject Class I.2.9.	
cs.SC	Symbolic Computation		cs	category	grp_cs	Roughly includes material in ACM Subject Class I.1.	
cs.SD	Sound		cs	category	grp_cs	Covers all aspects of computing with sound, and sound as an information channel. Includes models of sound, analysis and synthesis, audio user interfaces, sonification of data, computer music, and sound signal processing. Includes ACM Subject Class H.5.5, and intersects with H.1.2, H.5.1, H.5.2, I.2.7, I.5.4, I.6.3, J.5, K.4.2.	
cs.SE	Software Engineering		cs	category	grp_cs	Covers design tools, software metrics, testing and debugging, programming environments, etc. Roughly includes material in all of ACM Subject Classes D.2, except that D.2.4 (program verification) should probably have Logics in Computer Science as the primary subject area.	
cs.SI	Social and Information Networks		cs	category	grp_cs	Covers the design, analysis, and modeling of social and information networks, including their applications for on-line information access, communication, and interaction, and their roles as datasets in the exploration of questions in these and other domains, including connections to the social and biological sciences. Analysis and modeling of such networks includes topics in ACM Subject classes F.2, G.2, G.3, H.2, and I.2; applications in computing include topics in H.3, H.4, and H.5; and applications at the interface of computing and other disciplines include topics in J.1--J.7. Papers on computer communication systems and network protocols (e.g. TCP/IP) are generally a closer fit to the Networking and Internet Architecture (cs.NI) category.	
cs.SY	Systems and Control	eess.SY	cs	category	grp_cs	cs.SY is an alias for eess.SY. This section includes theoretical and experimental research covering all facets of automatic control systems. The section is focused on methods of control system analysis and design using tools of modeling, simulation and optimization. Specific areas of research include nonlinear, distributed, adaptive, stochastic and robust control in addition to hybrid and discrete event systems. Application areas include automotive and aerospace control systems, network control, biological systems, multiagent and cooperative control, robotics, reinforcement learning, sensor networks, control of cyber-physical and energy-related systems, and control of computing systems.	
econ	Economics		grp_econ	archive	grp_econ		
econ.EM	Econometrics		econ	category	grp_econ	Econometric Theory, Micro-Econometrics, Macro-Econometrics, Empirical Content of Economic Relations discovered via New Methods, Methodological Aspects of the Application of Statistical Inference to Economic Data.	
econ.GN	General Economics	q-fin.EC	econ	category	grp_econ	General methodological, applied, and empirical contributions to economics.	
econ.TH	Theoretical Economics		econ	category	grp_econ	Includes theoretical contributions to Contract Theory, Decision Theory, Game Theory, General Equilibrium, Growth, Learning and Evolution, Macroeconomics, Market and Mechanism Design, and Social Choice.	
eess	Electrical Engineering and Systems Science		grp_eess	archive	grp_eess		
eess.AS	Audio and Speech Processing		eess	category	grp_eess	Theory and methods for processing signals representing audio, speech, and language, and their applications. This includes analysis, synthesis, enhancement, transformation, classification and interpretation of such signals as well as the design, development, and evaluation of associated signal processing systems. Machine learning and pattern analysis applied to any of the above areas is also welcome.  Specific topics of interest include: auditory modeling and hearing aids; acoustic beamforming and source localization; classification of acoustic scenes; speaker separation; active noise control and echo cancellation; enhancement; de-reverberation; bioacoustics; music signals analysis, synthesis and modification; music information retrieval;  audio for multimedia and joint audio-video processing; spoken and written language modeling, segmentation, tagging, parsing, understanding, and translation; text mining; speech production, perception, and psychoacoustics; speech analysis, synthesis, and perceptual modeling and coding; robust speech recognition; speaker recognition and characterization; deep learning, online learning, and graphical models applied to speech, audio, and language signals; and implementation aspects ranging from system architecture to fast algorithms.	
eess.IV	Image and Video Processing		eess	category	grp_eess	Theory, algorithms, and architectures for the formation, capture, processing, communication, analysis, and display of images, video, and multidimensional signals in a wide variety of applications. Topics of interest include: mathematical, statistical, and perceptual image and video modeling and representation; linear and nonlinear filtering, de-blurring, enhancement, restoration, and reconstruction from degraded, low-resolution or tomographic data; lossless and lossy compression and coding; segmentation, alignment, and recognition; image rendering, visualization, and printing; computational imaging, including ultrasound, tomographic and magnetic resonance imaging; and image and video analysis, synthesis, storage, search and retrieval.	
eess.SP	Signal Processing		eess	category	grp_eess	Theory, algorithms, performance analysis and applications of signal and data analysis, including physical modeling, processing, detection and parameter estimation, learning, mining, retrieval, and information extraction. The term "signal" includes speech, audio, sonar, radar, geophysical, physiological, (bio-) medical, image, video, and multimodal natural and man-made signals, including communication signals and data. Topics of interest include: statistical signal processing, spectral estimation and system identification; filter design, adaptive filtering / stochastic learning; (compressive) sampling, sensing, and transform-domain methods including fast algorithms; signal processing for machine learning and machine learning for signal processing applications; in-network and graph signal processing; convex and nonconvex optimization methods for signal processing applications; radar, sonar, and sensor array beamforming and direction finding; communications signal processing; low power, multi-core and system-on-chip signal processing; sensing, communication, analysis and optimization for cyber-physical systems such as power grids and the Internet of Things.	
eess.SY	Systems and Control	cs.SY	eess	category	grp_eess	This section includes theoretical and experimental research covering all facets of automatic control systems. The section is focused on methods of control system analysis and design using tools of modeling, simulation and optimization. Specific areas of research include nonlinear, distributed, adaptive, stochastic and robust control in addition to hybrid and discrete event systems. Application areas include automotive and aerospace control systems, network control, biological systems, multiagent and cooperative control, robotics, reinforcement learning, sensor networks, control of cyber-physical and energy-related systems, and control of computing systems.	
gr-qc	General Relativity and Quantum Cosmology		grp_physics	category	grp_physics	General Relativity and Quantum Cosmology Areas of gravitational physics, including experiments and observations related to the detection and interpretation of gravitational waves, experimental tests of gravitational theories, computational general relativity, relativistic astrophysics, solutions to Einstein's equations and their properties, alternative theories of gravity, classical and quantum cosmology, and quantum gravity.	
grp_cs	Computer Science			group	grp_cs		
grp_econ	Economics			group	grp_econ		
grp_eess	Electrical Engineering and Systems Science			group	grp_eess		
grp_math	Mathematics			group	grp_math		
grp_physics	Physics			group	grp_physics		
grp_q-bio	Quantitative Biology			group	grp_q-bio		
grp_q-fin	Quantitative Finance			group	grp_q-fin		
grp_stat	Statistics			group	grp_stat		
hep-ex	High Energy Physics - Experiment		grp_physics	category	grp_physics	Results from high-energy/particle physics experiments and prospects for future experimental results, including tests of the standard model, measurements of standard model parameters, searches for physics beyond the standard model, and astroparticle physics experimental results. Does not include: detectors and instrumentation nor analysis methods to conduct experiments.	
hep-lat	High Energy Physics - Lattice		grp_physics	category	grp_physics	Lattice field theory. Phenomenology from lattice field theory. Algorithms for lattice field theory.  Hardware for lattice field theory.	
hep-ph	High Energy Physics - Phenomenology		grp_physics	category	grp_physics	Theoretical particle physics and its interrelation with experiment. Prediction of particle physics observables: models, effective field theories, calculation techniques. Particle physics: analysis of theory through experimental results.	
hep-th	High Energy Physics - Theory		grp_physics	category	grp_physics	Formal aspects of quantum field theory. String theory, supersymmetry and supergravity.	
math	Mathematics		grp_math	archive	grp_math		
math-ph	Mathematical Physics	math.MP	grp_physics	category	grp_physics	Articles in this category focus on areas of research that illustrate the application of mathematics to problems in physics, develop mathematical methods for such applications, or provide mathematically rigorous formulations of existing physical theories. Submissions to math-ph should be of interest to both physically oriented mathematicians and mathematically oriented physicists; submissions which are primarily of interest to theoretical physicists or to mathematicians should probably be directed to the respective physics/math categories	
math.AC	Commutative Algebra		math	category	grp_math	Commutative rings, modules, ideals, homological algebra, computational aspects, invariant theory, connections to algebraic geometry and combinatorics	
math.AG	Algebraic Geometry	alg-geom	math	category	grp_math	Algebraic varieties, stacks, sheaves, schemes, moduli spaces, complex geometry, quantum cohomology	
math.AP	Analysis of PDEs		math	category	grp_math	Existence and uniqueness, boundary conditions, linear and non-linear operators, stability, soliton theory, integrable PDE's, conservation laws, qualitative dynamics	
math.AT	Algebraic Topology		math	category	grp_math	Homotopy theory, homological algebra, algebraic treatments of manifolds	
math.CA	Classical Analysis and ODEs		math	category	grp_math	Special functions, orthogonal polynomials, harmonic analysis, ODE's, differential relations, calculus of variations, approximations, expansions, asymptotics	
math.CO	Combinatorics		math	category	grp_math	Discrete mathematics, graph theory, enumeration, combinatorial optimization, Ramsey theory, combinatorial game theory	
math.CT	Category Theory		math	category	grp_math	Enriched categories, topoi, abelian categories, monoidal categories, homological algebra	
math.CV	Complex Variables		math	category	grp_math	Holomorphic functions, automorphic group actions and forms, pseudoconvexity, complex geometry, analytic spaces, analytic sheaves	
math.DG	Differential Geometry	dg-ga	math	category	grp_math	Complex, contact, Riemannian, pseudo-Riemannian and Finsler geometry, relativity, gauge theory, global analysis	
math.DS	Dynamical Systems		math	category	grp_math	Dynamics of differential equations and flows, mechanics, classical few-body problems, iterations, complex dynamics, delayed differential equations	
math.FA	Functional Analysis	funct-an	math	category	grp_math	Banach spaces, function spaces, real functions, integral transforms, theory of distributions, measure theory	
math.GM	General Mathematics		math	category	grp_math	Mathematical material of general interest, topics not covered elsewhere	
math.GN	General Topology		math	category	grp_math	Continuum theory, point-set topology, spaces with algebraic structure, foundations, dimension theory, local and global properties	
math.GR	Group Theory		math	category	grp_math	Finite groups, topological groups, representation theory, cohomology, classification and structure	
math.GT	Geometric Topology		math	category	grp_math	Manifolds, orbifolds, polyhedra, cell complexes, foliations, geometric structures	
math.HO	History and Overview		math	category	grp_math	Biographies, philosophy of mathematics, mathematics education, recreational mathematics, communication of mathematics, ethics in mathematics	
math.IT	Information Theory	cs.IT	math	category	grp_math	math.IT is an alias for cs.IT. Covers theoretical and experimental aspects of information theory and coding.	
math.KT	K-Theory and Homology		math	category	grp_math	Algebraic and topological K-theory, relations with topology, commutative algebra, and operator algebras	
math.LO	Logic		math	category	grp_math	Logic, set theory, point-set topology, formal mathematics	
math.MG	Metric Geometry		math	category	grp_math	Euclidean, hyperbolic, discrete, convex, coarse geometry, comparisons in Riemannian geometry, symmetric spaces	
math.MP	Mathematical Physics	math-ph	math	category	grp_math	math.MP is an alias for math-ph. Articles in this category focus on areas of research that illustrate the application of mathematics to problems in physics, develop mathematical methods for such applications, or provide mathematically rigorous formulations of existing physical theories. Submissions to math-ph should be of interest to both physically oriented mathematicians and mathematically oriented physicists; submissions which are primarily of interest to theoretical physicists or to mathematicians should probably be directed to the respective physics/math categories	
math.NA	Numerical Analysis	cs.NA	math	category	grp_math	Numerical algorithms for problems in analysis and algebra, scientific computation	
math.NT	Number Theory		math	category	grp_math	Prime numbers, diophantine equations, analytic number theory, algebraic number theory, arithmetic geometry, Galois theory	
math.OA	Operator Algebras		math	category	grp_math	Algebras of operators on Hilbert space, C^*-algebras, von Neumann algebras, non-commutative geometry	
math.OC	Optimization and Control		math	category	grp_math	Operations research, linear programming, control theory, systems theory, optimal control, game theory	
math.PR	Probability		math	category	grp_math	Theory and applications of probability and stochastic processes: e.g. central limit theorems, large deviations, stochastic differential equations, models from statistical mechanics, queuing theory	
math.QA	Quantum Algebra	q-alg	math	category	grp_math	Quantum groups, skein theories, operadic and diagrammatic algebra, quantum field theory	
math.RA	Rings and Algebras		math	category	grp_math	Non-commutative rings and algebras, non-associative algebras, universal algebra and lattice theory, linear algebra, semigroups	
math.RT	Representation Theory		math	category	grp_math	Linear representations of algebras and groups, Lie theory, associative algebras, multilinear algebra	
math.SG	Symplectic Geometry		math	category	grp_math	Hamiltonian systems, symplectic flows, classical integrable systems	
math.SP	Spectral Theory		math	category	grp_math	Schrodinger operators, operators on manifolds, general differential operators, numerical studies, integral operators, discrete models, resonances, non-self-adjoint operators, random operators/matrices	
math.ST	Statistics Theory	stat.TH	math	category	grp_math	Applied, computational and theoretical statistics: e.g. statistical inference, regression, time series, multivariate analysis, data analysis, Markov chain Monte Carlo, design of experiments, case studies	
nlin	Nonlinear Sciences		grp_physics	archive	grp_physics		
nlin.AO	Adaptation and Self-Organizing Systems	adap-org	nlin	category	grp_physics	Adaptation, self-organizing systems, statistical physics, fluctuating systems, stochastic processes, interacting particle systems, machine learning	
nlin.CD	Chaotic Dynamics	chao-dyn	nlin	category	grp_physics	Dynamical systems, chaos, quantum chaos, topological dynamics, cycle expansions, turbulence, propagation	
nlin.CG	Cellular Automata and Lattice Gases	comp-gas	nlin	category	grp_physics	Computational methods, time series analysis, signal processing, wavelets, lattice gases	
nlin.PS	Pattern Formation and Solitons	patt-sol	nlin	category	grp_physics	Pattern formation, coherent structures, solitons	
nlin.SI	Exactly Solvable and Integrable Systems	solv-int	nlin	category	grp_physics	Exactly solvable systems, integrable PDEs, integrable ODEs, Painleve analysis, integrable discrete maps, solvable lattice models, integrable quantum systems	
nucl-ex	Nuclear Experiment		grp_physics	category	grp_physics	Nuclear Experiment Results from experimental nuclear physics including the areas of fundamental interactions, measurements at low- and medium-energy, as well as relativistic heavy-ion collisions.  Does not include: detectors and instrumentation nor analysis methods to conduct experiments; descriptions of experimental programs (present or future); comments on published results	
nucl-th	Nuclear Theory		grp_physics	category	grp_physics	Nuclear Theory Theory of nuclear structure covering wide area from models of hadron structure to neutron stars. Nuclear equation of states at different external conditions. Theory of nuclear reactions including heavy-ion reactions at low and high energies. It does not include problems of data analysis, physics of nuclear reactors, problems of safety, reactor construction	
physics	Physics		grp_physics	archive	grp_physics		
physics.acc-ph	Accelerator Physics	acc-phys	physics	category	grp_physics	Accelerator theory and simulation. Accelerator technology. Accelerator experiments. Beam Physics. Accelerator design and optimization. Advanced accelerator concepts. Radiation sources including synchrotron light sources and free electron lasers. Applications of accelerators.	
physics.ao-ph	Atmospheric and Oceanic Physics	ao-sci	physics	category	grp_physics	Atmospheric and oceanic physics and physical chemistry, biogeophysics, and climate science	
physics.app-ph	Applied Physics		physics	category	grp_physics	Applications of physics to new technology, including electronic devices, optics, photonics, microwaves, spintronics, advanced materials, metamaterials, nanotechnology, and energy sciences.	
physics.atm-clus	Atomic and Molecular Clusters		physics	category	grp_physics	Atomic and molecular clusters, nanoparticles: geometric, electronic, optical, chemical, magnetic properties, shell structure, phase transitions, optical spectroscopy, mass spectrometry, photoelectron spectroscopy, ionization potential, electron affinity, interaction with intense light pulses, electron diffraction, light scattering, ab initio calculations, DFT theory, fragmentation, Coulomb explosion, hydrodynamic expansion.	
physics.atom-ph	Atomic Physics	atom-ph	physics	category	grp_physics	Atomic and molecular structure, spectra, collisions, and data. Atoms and molecules in external fields. Molecular dynamics and coherent and optical control. Cold atoms and molecules. Cold collisions. Optical lattices.	
physics.bio-ph	Biological Physics		physics	category	grp_physics	Molecular biophysics, cellular biophysics, neurological biophysics, membrane biophysics, single-molecule biophysics, ecological biophysics, quantum phenomena in biological systems (quantum biophysics), theoretical biophysics, molecular dynamics/modeling and simulation, game theory, biomechanics, bioinformatics, microorganisms, virology, evolution, biophysical methods.	
physics.chem-ph	Chemical Physics	chem-ph	physics	category	grp_physics	Experimental, computational, and theoretical physics of atoms, molecules, and clusters - Classical and quantum description of states, processes, and dynamics; spectroscopy, electronic structure, conformations, reactions, interactions, and phases. Chemical thermodynamics. Disperse systems. High pressure chemistry. Solid state chemistry. Surface and interface chemistry.	
physics.class-ph	Classical Physics		physics	category	grp_physics	Newtonian and relativistic dynamics; many particle systems; planetary motions; chaos in classical dynamics. Maxwell's  equations and  dynamics of charged systems and  electromagnetic forces in materials. Vibrating systems such as membranes and cantilevers; optomechanics. Classical waves, including acoustics and elasticity; physics of music and musical instruments. Classical thermodynamics and  heat flow problems.	
physics.comp-ph	Computational Physics		physics	category	grp_physics	All aspects of computational science applied to physics.	
physics.data-an	Data Analysis, Statistics and Probability	bayes-an	physics	category	grp_physics	Methods, software and hardware for physics data analysis: data processing and storage; measurement methodology; statistical and mathematical aspects such as parametrization and uncertainties.	
physics.ed-ph	Physics Education		physics	category	grp_physics	Report of results of a research study, laboratory experience, assessment or classroom practice that represents a way to improve teaching and learning in physics. Also, report on misconceptions of students, textbook errors, and other similar information relative to promoting physics understanding.	
physics.flu-dyn	Fluid Dynamics		physics	category	grp_physics	Turbulence, instabilities, incompressible/compressible flows, reacting flows. Aero/hydrodynamics, fluid-structure interactions, acoustics. Biological fluid dynamics, micro/nanofluidics, interfacial phenomena. Complex fluids, suspensions and granular flows, porous media flows. Geophysical flows, thermoconvective and stratified flows. Mathematical and computational methods for fluid dynamics, fluid flow models, experimental techniques.	
physics.gen-ph	General Physics		physics	category	grp_physics		
physics.geo-ph	Geophysics		physics	category	grp_physics	Atmospheric physics. Biogeosciences. Computational geophysics. Geographic location. Geoinformatics. Geophysical techniques. Hydrospheric geophysics. Magnetospheric physics. Mathematical geophysics. Planetology. Solar system. Solid earth geophysics. Space plasma physics. Mineral physics. High pressure physics.	
physics.hist-ph	History and Philosophy of Physics		physics	category	grp_physics	History and philosophy of all branches of physics, astrophysics, and cosmology, including appreciations of physicists.	
physics.ins-det	Instrumentation and Detectors		physics	category	grp_physics	Instrumentation and Detectors for research in natural science, including optical, molecular, atomic, nuclear and particle physics instrumentation and the associated electronics, services, infrastructure and control equipment. 	
physics.med-ph	Medical Physics		physics	category	grp_physics	Radiation therapy. Radiation dosimetry. Biomedical imaging modelling.  Reconstruction, processing, and analysis. Biomedical system modelling and analysis. Health physics. New imaging or therapy modalities.	
physics.optics	Optics		physics	category	grp_physics	Adaptive optics. Astronomical optics. Atmospheric optics. Biomedical optics. Cardinal points. Collimation. Doppler effect. Fiber optics. Fourier optics. Geometrical optics (Gradient index optics. Holography. Infrared optics. Integrated optics. Laser applications. Laser optical systems. Lasers. Light amplification. Light diffraction. Luminescence. Microoptics. Nano optics. Ocean optics. Optical computing. Optical devices. Optical imaging. Optical materials. Optical metrology. Optical microscopy. Optical properties. Optical signal processing. Optical testing techniques. Optical wave propagation. Paraxial optics. Photoabsorption. Photoexcitations. Physical optics. Physiological optics. Quantum optics. Segmented optics. Spectra. Statistical optics. Surface optics. Ultrafast optics. Wave optics. X-ray optics.	
physics.plasm-ph	Plasma Physics	plasm-ph	physics	category	grp_physics	Fundamental plasma physics. Magnetically Confined Plasmas (includes magnetic fusion energy research). High Energy Density Plasmas (inertial confinement plasmas, laser-plasma interactions). Ionospheric, Heliophysical, and Astrophysical plasmas (includes sun and solar system plasmas). Lasers, Accelerators, and Radiation Generation. Low temperature plasmas and plasma applications (include dusty plasmas, semiconductor etching, plasma-based nanotechnology, medical applications). Plasma Diagnostics, Engineering and Enabling Technologies (includes fusion reactor design, heating systems, diagnostics, experimental techniques)	
physics.pop-ph	Popular Physics		physics	category	grp_physics		
physics.soc-ph	Physics and Society		physics	category	grp_physics	Structure, dynamics and collective behavior of societies and groups (human or otherwise). Quantitative analysis of social networks and other complex networks. Physics and engineering of infrastructure and systems of broad societal impact (e.g., energy grids, transportation networks).	
physics.space-ph	Space Physics		physics	category	grp_physics	Space plasma physics. Heliophysics. Space weather. Planetary magnetospheres, ionospheres and magnetotail. Auroras. Interplanetary space. Cosmic rays. Synchrotron radiation. Radio astronomy.	
q-bio	Quantitative Biology		grp_q-bio	archive	grp_q-bio		
q-bio.BM	Biomolecules		q-bio	category	grp_q-bio	DNA, RNA, proteins, lipids, etc.; molecular structures and folding kinetics; molecular interactions; single-molecule manipulation.	
q-bio.CB	Cell Behavior		q-bio	category	grp_q-bio	Cell-cell signaling and interaction; morphogenesis and development; apoptosis; bacterial conjugation; viral-host interaction; immunology	
q-bio.GN	Genomics		q-bio	category	grp_q-bio	DNA sequencing and assembly; gene and motif finding; RNA editing and alternative splicing; genomic structure and processes (replication, transcription, methylation, etc); mutational processes.	
q-bio.MN	Molecular Networks		q-bio	category	grp_q-bio	Gene regulation, signal transduction, proteomics, metabolomics, gene and enzymatic networks	
q-bio.NC	Neurons and Cognition		q-bio	category	grp_q-bio	Synapse, cortex, neuronal dynamics, neural network, sensorimotor control, behavior, attention	
q-bio.OT	Other Quantitative Biology		q-bio	category	grp_q-bio	Work in quantitative biology that does not fit into the other q-bio classifications	
q-bio.PE	Populations and Evolution		q-bio	category	grp_q-bio	Population dynamics, spatio-temporal and epidemiological models, dynamic speciation, co-evolution, biodiversity, foodwebs, aging; molecular evolution and phylogeny; directed evolution; origin of life	
q-bio.QM	Quantitative Methods		q-bio	category	grp_q-bio	All experimental, numerical, statistical and mathematical contributions of value to biology	
q-bio.SC	Subcellular Processes		q-bio	category	grp_q-bio	Assembly and control of subcellular structures (channels, organelles, cytoskeletons, capsules, etc.); molecular motors, transport, subcellular localization; mitosis and meiosis	
q-bio.TO	Tissues and Organs		q-bio	category	grp_q-bio	Blood flow in vessels, biomechanics of bones, electrical waves, endocrine system, tumor growth	
q-fin	Quantitative Finance		grp_q-fin	archive	grp_q-fin		
q-fin.CP	Computational Finance		q-fin	category	grp_q-fin	Computational methods, including Monte Carlo, PDE, lattice and other numerical methods with applications to financial modeling	
q-fin.EC	Economics	econ.GN	q-fin	category	grp_q-fin	q-fin.EC is an alias for econ.GN. Economics, including micro and macro economics, international economics, theory of the firm, labor economics, and other economic topics outside finance	
q-fin.GN	General Finance		q-fin	category	grp_q-fin	Development of general quantitative methodologies with applications in finance	
q-fin.MF	Mathematical Finance		q-fin	category	grp_q-fin	Mathematical and analytical methods of finance, including stochastic, probabilistic and functional analysis, algebraic, geometric and other methods	
q-fin.PM	Portfolio Management		q-fin	category	grp_q-fin	Security selection and optimization, capital allocation, investment strategies and performance measurement	
q-fin.PR	Pricing of Securities		q-fin	category	grp_q-fin	Valuation and hedging of financial securities, their derivatives, and structured products	
q-fin.RM	Risk Management		q-fin	category	grp_q-fin	Measurement and management of financial risks in trading, banking, insurance, corporate and other applications	
q-fin.ST	Statistical Finance		q-fin	category	grp_q-fin	Statistical, econometric and econophysics analyses with applications to financial markets and economic data	
q-fin.TR	Trading and Market Microstructure		q-fin	category	grp_q-fin	Market microstructure, liquidity, exchange and auction design, automated trading, agent-based modeling and market-making	
quant-ph	Quantum Physics		grp_physics	category	grp_physics		
stat	Statistics		grp_stat	archive	grp_stat		
stat.AP	Applications		stat	category	grp_stat	Biology, Education, Epidemiology, Engineering, Environmental Sciences, Medical, Physical Sciences, Quality Control, Social Sciences	
stat.CO	Computation		stat	category	grp_stat	Algorithms, Simulation, Visualization	
stat.ME	Methodology		stat	category	grp_stat	Design, Surveys, Model Selection, Multiple Testing, Multivariate Methods, Signal and Image Processing, Time Series, Smoothing, Spatial Statistics, Survival Analysis, Nonparametric and Semiparametric Methods	
stat.ML	Machine Learning		stat	category	grp_stat	Covers machine learning papers (supervised, unsupervised, semi-supervised learning, graphical models, reinforcement learning, bandits, high dimensional inference, etc.) with a statistical or theoretical grounding	
stat.OT	Other Statistics		stat	category	grp_stat	Work in statistics that does not fit into the other stat classifications	
stat.TH	Statistics Theory	math.ST	stat	category	grp_stat	stat.TH is an alias for math.ST. Asymptotics, Bayesian Inference, Decision Theory, Estimation, Foundations, Inference, Testing.	
