# The published reference corpus: a THIRD sample, of Java repositories that state a licence, are still being
# worked on, and publish an artefact. Drawn to compare against reference-corpus.tsv and
# reference-corpus-starred.tsv, never to replace either.
#
# WHY A THIRD SAMPLE. The first two are drawn and neither denominator resembles what this reading is measured
# on. Uniform over GitHub's Java gives coursework: ten of ten with zero stars and no licence. A fifty-star
# floor gives Android: five of ten, plus two pieces of teaching material. The nine evaluation-set members are
# none of those things — they are licensed libraries and servers that publish artefacts and are still
# maintained. A denominator is meant to say what the code being read is written in, so the third frame states
# those three properties directly instead of hoping a popularity proxy reaches them.
#
# THE FRAME AND THE PREDICATE, both fixed before a single rank was drawn.
#
#   FRAME, queried of GitHub:
#     language:Java fork:false mirror:false size:>=1000 pushed:>=2025-01-01 created:<2026-08-21
#     license:<each of the thirteen GitHub states>
#
#   `pushed` HAS NO UPPER BOUND, AND BOUNDING IT WAS TRIED AND REVERTED. The frame is not a fixed
#   population: a repository whose last push was in 2024 joins the moment somebody pushes to it, so the
#   count grows. It read 112,183 on 2026-08-20 and 112,251 three days later. Bounding `pushed` above at the
#   same ceiling `created` has was tried, on the reasoning that a fixed population is what makes a draw
#   reproducible. IT IS WORSE, AND THE MEASUREMENT SAYS SO.
#
#     - THE BOUNDED FRAME SHRINKS, AND IT EXPELS THE REPOSITORIES IT ALREADY DREW. `pushed` is a mutable
#       property. Under the upper bound a repository LEAVES the frame the moment anybody pushes to it, so
#       membership falls every day and a row already drawn can stop being a member. Under no upper bound
#       membership only ever grows: a repository pushed since 2025-01-01 stays in however often it is
#       pushed again, so a drawn row is a member forever. Monotone membership is the property that matters.
#     - IT COST 4,959 REPOSITORIES, AND THEY WERE THE MAINTAINED ONES. The bounded frame counted 107,224,
#       against 112,183 for the SAME window three days earlier. Those 4,959 were pushed in between, which
#       is what expelled them — so the bound removes exactly the actively maintained projects, which are
#       the ones that publish an artefact.
#     - THE TAKE RATE COLLAPSED, MEASURABLY. Sixteen ranks under the bounded frame took 3 and rejected 13,
#       against 30 taken of 53 recorded. Under the recorded rate a run of 16 takes 3 or fewer with
#       probability 0.0023, so this is the bound biasing the frame and not sampling noise.
#
#   NO `pushed` FRAME IS FIXED, BECAUSE `pushed` IS MUTABLE. Reproducibility does not come from re-running
#   the query, and cannot: it comes from THIS FILE, which pins every drawn repository at a commit. A draw is
#   a snapshot, its count is recorded beside it, and `-Dcs.draw.total` states which snapshot a run means to
#   reproduce rather than pretending the population stood still.
#
#   Each qualifier, and why it is there:
#     language:Java     the population, as GitHub states a primary language
#     fork:false        a fork is another repository's words copied; counting them twice is a sampling defect
#     mirror:false      the same reason
#     size:>=1000       one megabyte. A STATED bound, not a derived one, carried over from the first frame
#     pushed:>=2025-01-01   "modern" read as STILL BEING WORKED ON rather than recently started, with no
#                       upper bound so that membership only ever grows and a drawn row stays a member. A library
#                       begun in 2014 and pushed to this year writes today's Java; one begun in 2024 and
#                       abandoned does not. Creation date measures the wrong thing, so `pushed` is used.
#     license:...       the thirteen licences GITHUB ITSELF publishes at /licenses — agpl-3.0, apache-2.0,
#                       bsd-2-clause, bsd-3-clause, bsl-1.0, cc0-1.0, epl-2.0, gpl-2.0, gpl-3.0, lgpl-2.1,
#                       mit, mpl-2.0, unlicense. THE SET IS CITED, NOT CHOSEN: picking which licences count
#                       would be this project curating, so GitHub's own enumeration is used whole. They OR
#                       together in a query, which is what makes "states a licence GitHub recognises"
#                       expressible at all. A licence says nothing about what words a repository contains,
#                       so requiring one does not breach the rule this corpus exists to enforce. IT IS NOT
#                       NEUTRAL — a licensed repository is a more deliberate one — and that is stated rather
#                       than claimed away.
#     created:<...      a ceiling, so the frame is the same set on a later day
#
#   NOT in the frame: stars, watchers, archived state, and anything about subject matter.
#
#   PREDICATE, applied to every drawn rank without exception. GitHub's repository search cannot ask whether a
#   repository publishes anything, so it is asked of the tree directly, AT THE PINNED COMMIT:
#
#     accept if pom.xml at the repository root states a <groupId>
#          or if build.gradle or build.gradle.kts at the root applies maven-publish
#     reject otherwise, and take the next rank from the same seeded stream
#
#   A Maven groupId is the coordinate an artefact publishes under, and maven-publish is the plugin that
#   publishes one, so between them they are what a repository does to make its code available as a library.
#   The predicate is read over raw.githubusercontent.com rather than the API, which is why it costs no rate
#   limit. EVERY REJECTION IS RECORDED with the rank and the reason, in docs/reference-corpus/draw-published.json.
#
#   Rejection sampling on a predicate stated in advance is uniform over the sub-population that satisfies it.
#   That is the whole reason the predicate had to be written down before the draw ran rather than after: a
#   predicate adjusted once its rejections are visible is a choice about which repositories end up here.
#
# HOW MANY, and why it is a hundred rather than ten or thirty. The first two samples hold ten each, which is
#   what the plan asked for and is too few. A reference is a pooled density per word, so with ten roughly
#   equal repositories any one of them carries about a tenth of the total mass: a single blockchain
#   repository in the pool would have the reference claim `transaction` is written at a tenth of a blockchain
#   repository's rate, which is enough to demote it for besu. That is the contamination risk the plan names,
#   and ten bounds it badly. At thirty it is a thirtieth; at a hundred it is a hundredth.
#
#   THIRTY WAS THE NUMBER THAT LET THE BOUND BE MEASURED, AND THE MEASUREMENT SAID TO EXTEND. This header
#   stated before any rank was drawn that if the curve were still climbing at thirty the draw extends. It is
#   still climbing, and it will not stop: the disagreement between two references built from disjoint halves
#   of the draw falls as the sample size to the power -0.301, where averaging independent draws would give
#   -0.5. That exponent is between-repository heterogeneity rather than sampling noise, so no sample size
#   ends it. About one verdict in ten moves at thirty, all of it among words whose claim sits near zero.
#
#   A HUNDRED IS A BUDGET, NOT A DERIVED BOUND, AND SAYING SO IS THE POINT. Every threshold inside a reading
#   here is derived from a null; how much source a project is willing to fetch is not that kind of number.
#   What the measurements settle is the shape of the trade, and three readings of it point at a hundred.
#   One repository's weight falls to a hundredth, an order of magnitude below the tenth that made ten
#   unusable. The words that move are the ones estimated from almost no repositories — `buf` is carried by
#   an effective 4.94 of the thirty — and a hundred takes that to about sixteen, which is where a share
#   stops being one repository's accident. And past it the curve is flat: three hundred repositories buy
#   about two further points of churn for three times the source.
#
#   WHAT ACTUALLY SETTLES THE CHURN IS NOT SAMPLE SIZE. A word whose claim sits inside the reference's own
#   sampling error has not been shown to stand above chance, and that error is derivable from the split-half
#   measurement above rather than chosen. Reporting it is what makes the near-zero verdicts stop flipping,
#   and it costs no bandwidth at all.
#
#   EXTENDING A SEEDED DRAW IS NOT RE-ROLLING IT, ONCE THE FRAME IS FIXED. Further rows are the next values
#   from the same stream, so every row already recorded stays exactly as it was — which holds only because
#   the frame no longer moves under it, and is why the upper bound on `pushed` above was worth a re-draw. That is what makes growing a sample
#   different in kind from drawing it again until it looks right. The other two manifests can be grown the
#   same way without invalidating a row.
#
# Columns, the seeded draw, the exact-count method and the doctrine argument are as reference-corpus.tsv
# states them; only the frame and the predicate differ. The draw is CorpusDrawCommand, which writes both the
# record of every rank and rejection and the rows below.
#
# Source: THIS PROJECT ran the draw; GitHub states the frame, the licence enumeration and the ranks.
big-data-plugin	https://github.com/tahopen/big-data-plugin.git	42f445f1825a020f9445b5b41ddb87f12f7416b3	Apache-2.0	36469	2024-10-22T20:11:42Z	1381
sentinel	https://github.com/ZhouJianBoPro/sentinel.git	0eec6130a863a6c947b5ffcebcc86c469ecdbc4f	Apache-2.0	58964	2025-07-11T04:05:33Z	7711
spring-boot-adminlte-master	https://github.com/jmolinsc/spring-boot-adminlte-master.git	421048e137bf717df8434ba17bfcdaccf874fd40	MIT	34642	2024-08-09T20:42:32Z	18362
worldsmemory	https://github.com/Satacki/WorldsMemory.git	a5fd0da19f0819f3829df247fbf64db820d98e28	MIT	94118	2026-04-27T23:30:37Z	184144
demand-cooking-backend	https://github.com/CR-7-CHEN/demand-cooking-backend.git	d1d29eb202db7261481f1ffdc08d070cb160a413	MIT	94771	2026-05-02T16:08:33Z	10009
matematix	https://github.com/Mutata56/MatematiX.git	65e0d7db5b21d50314b9bf42af754972553f327f	MIT	23203	2022-09-21T12:44:56Z	7166
common-xml	https://github.com/bremersee/common-xml.git	21f787fd683365d5dd0e359a7a264abda8b4a051	Apache-2.0	13836	2020-01-19T18:46:21Z	5129
local-life-service	https://github.com/Joshua36911/local-life-service.git	ecc86c857970c478f85cef50527e5e5a1fd501cc	Apache-2.0	100853	2026-06-08T08:30:16Z	3355
hapi-fhir-http-auth	https://github.com/zarif59/hapi-fhir-http-auth.git	3c65a82f6d4d0ff6899a67180939f1393b5aea46	Apache-2.0	46028	2025-03-11T01:46:43Z	15410
luna-springboot-demo	https://github.com/lunasaw/luna-springboot-demo.git	a738b8d0b1fee9751350bdb2064bf3df8a476684	MIT	14962	2020-05-30T03:48:32Z	12593
fable-worldgen	https://github.com/ViciousBadger/fable-worldgen.git	9ebdc22522556fd439db3451ad189391f2c57f51	CC0-1.0	62046	2025-08-11T12:29:38Z	3835
benchmarkjava	https://github.com/coyote-engineering/BenchmarkJava.git	1def24fc25772d034b72c704a7ff324a0eaddddb	GPL-2.0	79918	2026-01-29T22:18:30Z	76017
bahar	https://github.com/newdawn19/bahar.git	38b16dcfa34c3c7bb0e81cade3f0b512c6c35d20	AGPL-3.0	109555	2026-07-28T17:39:40Z	4366
allthecompressed	https://github.com/Pdiddy973/AllTheCompressed.git	c21f27d7f1efa599888df87f095890bcad2e683c	MIT	18982	2021-08-06T19:49:39Z	4159
framework	https://github.com/looken1024/framework.git	4063f35b9ee28f81e76ab71d664b8abfc31e41e4	Apache-2.0	60635	2025-07-28T11:07:58Z	1037
spring-data-jdbc-mybatis	https://github.com/VonChange/spring-data-jdbc-mybatis.git	8db33f9cf1a2343ecb058045e22fedd4d520e0bd	Apache-2.0	13424	2020-03-01T15:14:47Z	1072
backend-tienda-online	https://github.com/isairey/Backend-Tienda-Online.git	742dc1154946392ad612326099e9ee624ed80420	MIT	92369	2026-04-20T01:53:37Z	1580
demo-lab01-devops	https://github.com/hoanggiabao1804/demo-lab01-devops.git	c6456f59a518a33f26239d9992507efec130e736	MIT	92135	2026-04-18T15:08:59Z	31605
carml	https://github.com/carml/carml.git	f58ee44b1ccc162b6b65f180ba3eb00ffcdb5e86	MIT	7188	2017-09-19T15:38:54Z	4456
matrix-code	https://github.com/aevis-codex/matrix-code.git	3343e178ceb101bb3116395e7242747fbce199c3	MIT	104048	2026-06-25T15:56:51Z	1682
sec-prng	https://github.com/simon-greatrix/sec-prng.git	66251ecbd78d1adbd47678785d9dba75a1984600	MIT	3439	2015-03-30T20:44:39Z	1252
leapfrog-1.21	https://github.com/biggiemedium/Leapfrog-1.21.git	039b63ca8bf8309969f05e0d6b2823fcf20ab5af	CC0-1.0	42389	2025-02-06T00:11:18Z	75605
beanplanet-framework	https://github.com/lamerexter/beanplanet-framework.git	2dd37cfe5880439b2bd9f52487266f2964bbaf67	Apache-2.0	7960	2017-10-30T08:31:20Z	6768
anyline	https://github.com/anylineorg/anyline.git	a2ae4627fd235ffb729493c53d614a1891a2e99d	Apache-2.0	10471	2019-01-14T01:05:56Z	54387
microsphere-spring-boot	https://github.com/microsphere-projects/microsphere-spring-boot.git	6f2b98f03ebf89ff4e82cd5cef327033e7101cdd	Apache-2.0	24555	2023-02-06T04:59:07Z	1910
gametalk	https://github.com/Lexi115/GameTalk.git	11507cbcccd5d4a52165ef1d2bc4a81209fac6ba	MIT	39738	2025-01-08T15:20:10Z	31902
beyondlimits-1.20-neo-forge	https://github.com/Axell1280/BeyondLimits-1.20-neo-forge.git	86fb8cec06836b0055d135fda9025ceb1ef11382	MIT	73143	2025-11-27T16:37:21Z	5050
jamlin	https://github.com/Wradgio/Jamlin.git	79ca9270b2b7134f3b7cd56ff526444ae402eac3	Apache-2.0	7958	2017-11-02T11:18:48Z	2043
junit-selenium	https://github.com/CDTester/JUnit-Selenium.git	672100c5f2c0c2b34587f6c75bdb7c3f75667e94	MIT	67915	2025-10-10T10:15:06Z	10304
sop	https://github.com/shaphar98/SOP.git	af73da75f3365753cd01f9805d0588d1125bf6a5	MIT	85650	2026-03-07T10:45:01Z	18025
stitch-2	https://github.com/Actionizer/stitch-2.git	6f867f039faa350b844c88f99a91a662cae7468e	Apache-2.0	54187	2025-05-24T05:17:40Z	4788
tito-el-monito-ahorcado	https://github.com/adancortes-ing/tito-el-monito-ahorcado.git	cd251ccb1e92407d0776d87978bdfb78860a14e1	GPL-3.0	111143	2026-08-12T03:13:38Z	2041
adeptj-runtime	https://github.com/AdeptJ/adeptj-runtime.git	f2ad7e104a488288183feee3b1d4db80905eaa2d	Apache-2.0	5532	2016-09-23T12:20:08Z	4621
compilador-mini-java	https://github.com/DiogoAug16/compilador-mini-java.git	26bc893a9ddba2cb461f7f3f29b6f80ce7b5b8eb	MIT	51087	2025-04-28T02:38:11Z	7600
fever-events	https://github.com/adrianrevilla009/fever-events.git	c571a884795d2fe35f596b79993ed48f7e67da9a	Apache-2.0	85029	2026-03-06T14:40:35Z	1128
wivipay-backend	https://github.com/wilkernel/wivipay-backend.git	d7f4f37424e485e50f895106afd5159d8acfe422	MIT	51785	2025-05-03T05:25:03Z	1516
jwav-player	https://github.com/jude-james/JWav-Player.git	6ff6c1b381d87427e2bdfa97af14f8f18e73ca94	MIT	35162	2024-08-28T16:45:54Z	4106
java-apis	https://github.com/Smartlogic-Semaphore-Limited/Java-APIs.git	6054dcc7e92677c0d5c8d0c7f6a4f0a7e2b5ed15	Apache-2.0	6841	2017-05-02T12:17:57Z	4380
ph-db	https://github.com/phax/ph-db.git	e210a79b644dab8041cec29587a6310082d676cc	Apache-2.0	2735	2014-08-26T06:29:50Z	1225
chevy	https://github.com/bytestrick/chevy.git	20f4299a10c15833d3c0a9c054a589581a9c165b	GPL-3.0	33044	2024-05-22T15:09:20Z	103430
company	https://github.com/Cnewbeee/company.git	db11225e6cbde014edb8811733eb19b6442758f0	MIT	68099	2025-10-11T03:46:57Z	6095
modern-armor-bar	https://github.com/Madsbest/modern-armor-bar.git	b6d41f94ea344bc8f7603fd64a73870c5376e792	MIT	96184	2026-05-10T18:16:19Z	2364
ct-youtrackdb-976ac8d2	https://github.com/dachengxiaopang/ct-youtrackdb-976ac8d2.git	4f0383d10cb95441c7cb28f930df34fe3b9d87e4	Apache-2.0	102429	2026-06-15T11:52:07Z	20990
homiecenter	https://github.com/botorabi/HomieCenter.git	fe784bff92b0a6c1fa137412b0a871474ca6c447	MIT	8790	2018-06-12T22:40:01Z	10644
lasthope	https://github.com/harinivash8/lasthope.git	20851ecc8ff9cc87e56f094d4cc05042e3a04b5d	Apache-2.0	51136	2025-04-28T05:22:39Z	2780
mallchat	https://github.com/Aaron-g-u-o/MallChat.git	90cb4007d066d416bc7860fd64ffe9cbb5ff087e	Apache-2.0	91018	2026-04-09T03:59:31Z	2265
helpline104-api	https://github.com/PSMRI/Helpline104-API.git	f25c863965a24cfbdc8013cd6bb303af2b6a8f3f	GPL-3.0	26965	2023-06-27T07:21:03Z	1124
baritoneworker	https://github.com/TR-RBM/baritoneworker.git	62c0c636e45e2ea9e1b2365348f17a8ce2380446	CC0-1.0	100527	2026-06-02T16:12:16Z	2370
java_ia_las_palmas_demo	https://github.com/paparajote0101/JAVA_IA_Las_Palmas_Demo.git	1084a8ba8762b7c536bf5889c0c7617927308f24	MIT	84464	2026-03-03T08:49:34Z	1344
flowerbreeding	https://github.com/disjoint-account/FlowerBreeding.git	9002e4ed78fffac5504b60497f589ffd3b5cd8bd	MIT	109613	2026-07-27T18:40:31Z	1724
daily-shop-mod	https://github.com/bigchadguys/daily-shop-mod.git	ed328b47c861587ff75e150446572398fa8b2175	GPL-3.0	31727	2024-03-05T04:31:55Z	1036
ruo-yi-cloud-vue	https://github.com/open-source-project-by-zlxls/ruo-yi-cloud-vue.git	15b9f1cc3ea3ed2fabdb373665661b5940384fd3	MIT	77364	2026-01-04T03:10:18Z	1585
hadoop-wordcount	https://github.com/MFS-code/Hadoop-WordCount.git	ad137556431fdf4d90e285d8998bb4e7f0324b7c	MIT	66328	2025-09-23T17:42:07Z	13244
expense-management-rest-api	https://github.com/izumacha/Expense-Management-Rest-API.git	acf74b1f5be710b920a125a40ef4b4579e7d6b08	MIT	96968	2026-05-12T14:27:00Z	2735
vraptor4	https://github.com/siqale/vraptor4.git	593ce9ad60f9d38c360881b2132417c56b8cc093	Apache-2.0	2773	2014-07-16T00:42:54Z	12440
astraladditions	https://github.com/ethanicusss/AstralAdditions.git	cdde321950225c3c959dd1ec43d6706d331955ec	CC0-1.0	26065	2023-04-04T17:48:30Z	364089
ruoyi-vue-plus	https://github.com/sameal153/ruoyi-vue-plus.git	27518ae06eaeaee3c36890b9eeaee9239f3ea522	MIT	31671	2024-03-19T10:37:29Z	7899
amazon-sns-java-messaging-lib	https://github.com/mvallim/amazon-sns-java-messaging-lib.git	5261f478dc7d28bc8d84c8a7394df2fb8aa23e75	Apache-2.0	24108	2022-11-17T06:28:37Z	1103
slothy-s-tree	https://github.com/IlySlothy/Slothy-s-Tree.git	85d185f676c311765370b2020f61ff4e627f1513	MIT	98837	2026-05-24T09:23:14Z	211460
test_sky_main	https://github.com/JOYE661/Test_sky_main.git	a7f5d1987e1e257c9d40e241fa799c26ac85794f	Apache-2.0	76553	2025-12-30T03:10:25Z	70137
information-walls-serve	https://github.com/JCXYOZH/information-walls-serve.git	b757d686af6bde75cf0a063f279ad47e66398cf2	MIT	44081	2025-02-23T13:04:07Z	5848
sma-eventsourcing-17	https://github.com/christiandrochon/sma-eventsourcing-17.git	c639b1ea1660a76dd8975a612fd81481035fae00	MIT	37498	2024-10-29T12:53:04Z	2092
gpu_rentaler	https://github.com/xsinxcos/GPU_Rentaler.git	e42929a8b95c7100dab0c4cd401ef133c12a9d22	MIT	66409	2025-09-22T08:46:41Z	1484
velr-kotlin-driver	https://github.com/velr-ai/velr-kotlin-driver.git	2934d6c05d9080b8d28910b4970ec4e7efd6f63c	MIT	104418	2026-06-28T17:15:34Z	36801
mychat	https://github.com/OldFriend-C/MyChat.git	085cfaabbf323e93fbacb8099742cc2efe8699c0	Apache-2.0	40628	2025-01-13T08:14:43Z	19511
springcloud-review	https://github.com/skyisolated/springcloud-review.git	682a6b30ea46e46e9af7d324c5883fb7b939f241	Apache-2.0	60384	2025-07-27T15:43:01Z	1282
morethanpomodoro	https://github.com/turkerozturk/morethanpomodoro.git	49af4d291968f1b1a7a71f41124e60164cd754fd	GPL-3.0	42440	2025-02-06T21:26:57Z	2151
mod-users	https://github.com/folio-org/mod-users.git	f706c43c9ecfc5d0226448ca62047e9ec103baeb	Apache-2.0	5843	2016-10-11T19:51:36Z	5288
eclipse.platform.releng.buildtools	https://github.com/eclipse-platform/eclipse.platform.releng.buildtools.git	b197c6aef1f53d6a6e0efdaaf7e3eba84dfadda9	EPL-2.0	21028	2022-02-14T18:32:44Z	17593
scrabble	https://github.com/ekarakusnl/scrabble.git	a400702228bcc1a903e8b217868b1aa6623a79d4	GPL-3.0	25026	2023-01-11T14:03:47Z	39506
arkdsl	https://github.com/RM2PT/ArkDSL.git	ca4c431c6c1c9a1fd2eff2c8c08a81546869a0e1	MIT	25543	2023-03-20T13:27:29Z	1760
mud	https://github.com/davidrudder23/mud.git	89f7980d85afda73cbd13db9c17db78ae169bee5	Apache-2.0	13303	2019-11-10T16:45:27Z	26002
elton	https://github.com/globalbioticinteractions/elton.git	c60ec8d858ec12d6cad13823f317065b635a1b3c	GPL-3.0	7578	2017-09-16T07:09:22Z	8528
cache2k	https://github.com/cache2k/cache2k.git	6cf589ea28c02ba0b49dac2b38e849238053f1bf	Apache-2.0	1046	2013-12-18T17:25:04Z	10448
internal-developer-platform	https://github.com/Decathlon/internal-developer-platform.git	f148be0c1b708a3195b8519933a99f08dcccac68	Apache-2.0	88209	2026-03-25T15:01:50Z	1967
discordeconomysystem	https://github.com/Zone-Infinity/DiscordEconomySystem.git	753b9375d52840a5b27bff4a469af34ebac09092	MIT	18158	2021-05-13T16:27:00Z	19771
bank-of-sirius	https://github.com/nginxinc/bank-of-sirius.git	03714915db018831c3551f0bd39c44ea4b8dd32a	Apache-2.0	18701	2021-08-16T23:35:20Z	5556
oracle-cloud-sql-driver	https://github.com/satyapadala/oracle-cloud-sql-driver.git	a487b731eba5f91a3e126442c5ccec754e63e9ba	MIT	23615	2022-10-31T14:26:16Z	14781
jboss-msc2	https://github.com/jboss-msc/jboss-msc2.git	37272cf2796c59e981c24286cf33eea51773155e	Apache-2.0	1475	2013-07-25T16:00:27Z	2206
ginsim	https://github.com/GINsim/GINsim.git	08e89863aba41314537a83c7351b43301b1d4b3c	GPL-3.0	17221	2021-03-09T08:19:27Z	30748
iwa-java	https://github.com/pguraedy/IWA-Java.git	81111d3aa03bd6ed1deaeea4972be745e85ebe4d	GPL-3.0	79943	2026-01-29T16:30:29Z	3944
org.openwms.wms.movements.lib	https://github.com/openwms/org.openwms.wms.movements.lib.git	f9a87f25fe99294a84509588587af058f1ab4052	Apache-2.0	14458	2020-04-09T14:50:40Z	11775
makemkvrename	https://github.com/tycho-mertens/MakeMKVRename.git	5f503893f3f455c3e294d271fc9f56f8d7e5ad81	AGPL-3.0	21829	2022-04-09T11:21:10Z	14506
inji-certify-revoke	https://github.com/Nandeesh778/inji-certify-revoke.git	4f2c86e8675b86e11637207f76b6d4c355a4ae7e	MPL-2.0	49940	2025-04-17T10:08:14Z	6157
sling-org-apache-sling-testing-osgi-mock	https://github.com/apache/sling-org-apache-sling-testing-osgi-mock.git	87b500748a80fbafe6859fb8596789af163479aa	Apache-2.0	7730	2017-10-18T16:42:39Z	1023
mfgp	https://github.com/mcgivrer/mfgp.git	f4f0fb684761494dd8ebe7cd62c416efa8c335cd	MIT	73284	2025-11-27T16:11:57Z	2746
ueditor-plus-java	https://github.com/gloryhui/ueditor-plus-java.git	c933f881e908aeef6426e6590168b14125e64358	Apache-2.0	110785	2026-08-03T08:38:59Z	1343
minecraft-classic-reborn	https://github.com/denukernel/Minecraft-Classic-Reborn.git	a3b1a39702a65035152bcae1c5be795c8cee41c5	MIT	59664	2025-07-21T00:01:05Z	2883
taczattributeadd	https://github.com/xlxyvergil/TaczAttributeAdd.git	adde1ae378c1cfeae244f8f6a3b7b640063d8ef0	GPL-3.0	68849	2025-10-18T12:36:46Z	430745
pavan-petstore	https://github.com/Pavanmanda356/Pavan-petstore.git	cbfc903630334fa6e4c34f6c0ade6ece10b9ab07	Apache-2.0	56031	2025-06-12T07:51:03Z	1736
java_danfe	https://github.com/Samuel-Oliveira/Java_Danfe.git	9b0798d660e7953e71ea894bff303dbee54a773c	MIT	17801	2021-05-01T18:42:03Z	83588
javai	https://github.com/dcaudell/javai.git	08e7a085dbd30a61f85ade1d34b8eb26b2498809	Apache-2.0	105502	2026-07-07T14:27:28Z	4352
esportsmanager	https://github.com/luckyscooby/eSportsManager.git	0f6ece37812f58567c3bf8a4298ac39a9a6b6279	MIT	66220	2025-09-24T14:53:06Z	12292
ofbiz-framework-222559	https://github.com/kavia-common/Ofbiz-framework-222559.git	38c8692617e1eda9fc10687dfd145ff7b8421507	Apache-2.0	83159	2026-02-18T11:09:04Z	731554
rohan-code	https://github.com/acdmammoths/ROhAN-code.git	556ee2217bfc21437725fe5ff87278f48b997c7e	GPL-3.0	25776	2023-03-16T12:53:52Z	2272
serialthreads	https://github.com/markusheiden/serialthreads.git	97137345b7fb2b51620a611c6f914c2b74b2a6a4	GPL-3.0	2685	2014-10-30T21:41:09Z	8007
studentlifeapi-java	https://github.com/salmonineath/StudentLifeApi-java.git	afed5f8dc52fc7742821ab64ed53562e3e4e0200	MIT	102253	2026-06-16T11:29:20Z	11838
formeditor-demos	https://github.com/axonivy-market/formeditor-demos.git	da0ecadfe4d2a24e3e7adbff5b457fcb65178e44	Apache-2.0	73348	2025-11-27T10:12:11Z	5485
pygalago	https://github.com/QingyaoAi/PyGalago.git	c1ea54178f55effcc09e849293106dd3fa98c802	BSD-3-Clause	99715	2026-05-29T15:21:14Z	1645
realisticcitiescoder	https://github.com/PsychoicCoder/RealisticCitiesCoder.git	f12502d3ae70a8aca1131b1e5ded31be6ba0b568	CC0-1.0	43781	2025-02-16T18:07:09Z	3499
